SB_DEPTH_cm,SECT_NUM_cm,SECT_DEPTH_cm,CORE_THICK_cm,PWAmp,PWVel_m/s,Den_gm/cc,MS,Imp,FP
1,1,1,11.338,14,,,,,
2,1,2,11.337,13,1096.952,1.2825,,,0.8512
3,1,3,11.325,14,1096.321,1.2782,43.5646,1401.293,0.8537
4,1,4,11.231,8,1086.17,1.3534,45.9578,1469.982,0.8101
5,1,5,11.214,15,1085.051,1.3707,49.3697,1487.278,0.8001
6,1,6,11.216,14,1085.77,1.3529,51.6411,1468.962,0.8104
7,1,7,11.051,13,1069.279,1.3942,52.2682,1490.781,0.7864
8,1,8,11.044,15,1068.602,1.3947,51.2301,1490.368,0.7861
9,1,9,11.046,18,1068.278,1.2796,53.3806,1367.02,0.8529
10,1,10,11.047,11,1070.446,1.2339,53.4586,1320.827,0.8794
11,1,11,11.049,14,1069.603,1.2667,52.66,1354.865,0.8604
12,1,12,11.052,11,1069.376,1.301,51.8262,1391.3,0.8405
13,1,13,11.049,15,1070.121,1.3474,50.6588,1441.838,0.8136
14,1,14,11.051,15,1068.762,1.3507,49.3608,1443.543,0.8117
15,1,15,11.053,15,1071.546,1.399,45.4167,1499.055,0.7837
16,1,16,11.054,17,1069.569,1.2601,46.719,1347.8,0.8642
17,1,17,11.055,14,1069.666,1.2289,44.7441,1314.484,0.8823
18,1,18,11.054,15,1069.569,1.2324,43.9979,1318.171,0.8803
19,1,19,11.054,15,1070.087,1.2402,44.3463,1327.141,0.8757
20,1,20,11.059,18,1070.053,1.2594,46.6866,1347.612,0.8646
21,1,21,11.057,16,1068.825,1.2893,51.0308,1378.016,0.8473
22,1,22,11.057,12,1069.86,1.3275,55.3938,1420.204,0.8251
23,1,23,11.06,14,1070.15,1.4329,55.5953,1533.45,0.764
24,1,24,11.059,15,1070.053,1.3901,61.2186,1487.484,0.7888
25,1,25,11.058,16,1068.922,1.3814,62.7403,1476.613,0.7938
26,1,26,11.058,12,1069.956,1.3301,65.7415,1423.163,0.8236
27,1,27,11.062,15,1070.343,1.4406,60.0996,1541.956,0.7595
28,1,28,11.062,14,1070.861,1.4938,56.4084,1599.627,0.7287
29,1,29,11.062,13,1069.826,1.3415,58.7781,1435.161,0.817
30,1,30,11.062,15,1069.826,1.2844,57.1776,1374.083,0.8501
31,1,31,11.062,15,1069.826,1.2806,52.516,1370.07,0.8523
32,1,32,11.063,15,1071.996,1.2843,48.1416,1376.746,0.8502
33,1,33,11.062,15,1070.343,1.2867,45.0586,1377.239,0.8488
34,1,34,11.06,19,1070.15,1.2875,43.2526,1377.814,0.8483
35,1,35,11.059,16,1070.571,1.2968,41.7607,1388.299,0.8429
36,1,36,11.057,15,1069.86,1.3077,41.4334,1399.058,0.8366
37,1,37,11.055,16,1069.666,1.3041,41.5684,1394.98,0.8387
38,1,38,11.052,16,1068.859,1.294,43.124,1383.103,0.8445
39,1,39,11.05,15,1070.218,1.3087,43.2536,1400.608,0.836
40,1,40,11.047,16,1068.892,1.3123,43.7585,1402.758,0.8339
41,1,41,11.049,19,1068.569,1.2813,43.5863,1369.117,0.8519
42,1,42,11.049,17,1070.121,1.2722,43.2876,1361.395,0.8572
43,1,43,11.052,16,1070.93,1.2763,41.2936,1366.809,0.8548
44,1,44,11.06,16,1070.15,1.2754,39.4191,1364.825,0.8554
45,1,45,11.066,21,1071.249,1.2743,37.5726,1365.105,0.856
46,1,46,11.073,15,1071.926,1.2837,36.6315,1375.988,0.8505
47,1,47,11.074,17,1073.062,1.2843,35.4048,1378.089,0.8502
48,1,48,11.075,17,1073.159,1.2772,36.7982,1370.624,0.8543
49,1,49,11.042,13,1069.961,1.2849,38.0977,1374.831,0.8498
50,1,50,11.055,16,1069.666,1.3038,39.7979,1394.592,0.8389
51,1,51,11.063,14,1070.44,1.3125,43.5751,1404.903,0.8338
52,1,52,11.075,20,1071.083,1.3288,47.5448,1423.265,0.8244
53,1,53,11.084,18,1071.953,1.3829,49.4691,1482.449,0.793
54,1,54,11.089,14,1073.475,1.4,55.3828,1502.897,0.783
55,1,55,11.1,16,1072.982,1.3804,61.5591,1481.117,0.7944
56,1,56,11.099,16,1073.924,1.3733,68.0277,1474.772,0.7986
57,1,57,11.106,17,1075.642,1.4646,67.3248,1575.364,0.7456
58,1,58,11.106,17,1075.121,1.4461,70.3012,1554.695,0.7563
59,1,59,11.108,15,1074.275,1.4402,70.02,1547.189,0.7597
60,1,60,11.109,15,1075.411,1.39,69.7844,1494.809,0.7889
61,1,61,11.104,16,1074.407,1.3478,69.793,1448.05,0.8134
62,1,62,11.106,15,1073.562,1.3612,66.26,1461.357,0.8056
63,1,63,11.102,15,1074.734,1.3738,64.6051,1476.507,0.7982
64,1,64,11.104,15,1074.927,1.3784,62.696,1481.626,0.7956
65,1,65,11.1,18,1076.103,1.3686,62.0898,1472.729,0.8013
66,1,66,11.101,15,1074.637,1.3635,61.1808,1465.305,0.8042
67,1,67,11.095,16,1075.097,1.3795,57.7889,1483.062,0.795
68,1,68,11.095,17,1074.576,1.3641,55.631,1465.811,0.8039
69,1,69,11.092,16,1075.849,1.3671,52.1842,1470.793,0.8021
70,1,70,11.089,18,1073.475,1.3844,48.2437,1486.145,0.7921
71,1,71,11.089,14,1073.475,1.3669,46.054,1467.335,0.8023
72,1,72,11.085,14,1072.05,1.3263,45.1942,1421.883,0.8258
73,1,73,11.079,16,1071.47,1.2856,44.3012,1377.531,0.8494
74,1,74,11.068,18,1071.442,1.2753,43.5757,1366.438,0.8554
75,1,75,11.067,18,1070.827,1.274,42.4196,1364.255,0.8561
76,1,76,11.063,14,1071.477,1.2816,40.4029,1373.208,0.8517
77,1,77,11.057,18,1070.896,1.2821,39.2415,1373.017,0.8514
78,1,78,11.055,15,1069.149,1.2899,38.4254,1379.066,0.8469
79,1,79,11.051,15,1069.279,1.3012,37.5356,1391.3,0.8404
80,1,80,11.045,20,1068.699,1.3122,37.8684,1402.368,0.834
81,1,81,11.044,17,1067.569,1.3452,38.1051,1436.06,0.8149
82,1,82,11.042,16,1068.925,1.3582,40.0487,1451.766,0.8073
83,1,83,11.042,14,1068.408,1.3529,42.5018,1445.443,0.8104
84,1,84,11.043,16,1068.505,1.3648,44.3962,1458.32,0.8035
85,1,85,11.043,18,1067.988,1.4,44.3892,1495.224,0.783
86,1,86,11.043,18,1070.577,1.4573,43.7101,1560.189,0.7498
87,1,87,11.045,16,1068.182,1.3291,46.7345,1419.714,0.8242
88,1,88,11.046,19,1069.313,1.2665,47.8053,1354.298,0.8605
89,1,89,11.052,13,1069.893,1.2706,45.138,1359.408,0.8581
90,1,90,11.052,18,1069.376,1.2774,43.0793,1365.967,0.8542
91,1,91,11.054,18,1069.569,1.2773,43.0589,1366.158,0.8542
92,1,92,11.052,18,1070.412,1.2884,43.912,1379.149,0.8478
93,1,93,11.053,15,1069.473,1.2862,45.7854,1375.514,0.8491
94,1,94,11.051,19,1070.833,1.3161,47.1241,1409.293,0.8317
95,1,95,11.05,17,1069.7,1.3305,49.5383,1423.26,0.8234
96,1,96,11.048,18,1070.024,1.3249,52.7034,1417.638,0.8266
97,1,97,11.048,17,1068.989,1.3727,51.9959,1467.438,0.7989
98,1,98,11.044,15,1068.602,1.3989,51.0744,1494.913,0.7837
99,1,99,11.048,20,1069.506,1.3346,52.3171,1427.413,0.821
100,1,100,11.046,13,1069.83,1.3116,51.4902,1403.141,0.8344
101,1,101,11.044,21,1069.119,1.3089,49.2486,1399.347,0.8359
102,1,102,11.042,19,1068.925,1.3199,47.0968,1410.865,0.8295
103,1,103,11.041,15,1067.795,1.3496,44.9186,1441.144,0.8123
104,1,104,11.04,19,1067.698,1.3358,43.6499,1426.231,0.8203
105,1,105,11.04,16,1068.215,1.2745,44.5305,1361.405,0.8559
106,1,106,11.039,19,1067.601,1.2733,42.7493,1359.42,0.8565
107,1,107,11.039,19,1067.086,1.2694,43.4932,1354.601,0.8588
108,1,108,11.041,15,1066.763,1.2754,43.267,1360.57,0.8553
109,1,109,11.043,22,1067.472,1.3003,43.6124,1388.023,0.8409
110,1,110,11.045,20,1067.666,1.2887,46.9942,1375.908,0.8476
111,1,111,11.048,18,1069.506,1.2911,49.8773,1380.786,0.8463
112,1,112,11.049,21,1069.603,1.2951,,1385.212,0.8439
113,1,113,11.047,22,1070.446,1.3424,56.0758,1436.946,0.8165
114,1,114,11.05,19,1070.218,1.4512,55.5718,1553.084,0.7534
115,1,115,11.05,18,1071.775,1.4781,55.0837,1584.215,0.7377
116,1,116,11.049,21,1070.121,1.4479,54.6406,1549.437,0.7553
117,1,117,11.048,20,1068.989,1.3369,55.7121,1429.1,0.8197
118,1,118,11.048,23,1072.621,1.2617,54.1122,1353.324,0.8633
119,1,119,11.047,21,1069.409,1.2675,51.431,1355.432,0.8599
120,1,120,11.048,20,1070.024,1.2682,50.1631,1357.035,0.8595
121,1,121,11.045,19,1068.182,1.2964,49.1094,1384.836,0.8431
122,1,122,11.043,20,1068.505,1.2795,52.2155,1367.11,0.853
123,1,123,11.042,20,1068.925,1.2919,55.3334,1380.978,0.8457
124,1,124,11.039,21,1069.671,1.3028,60.2885,1393.516,0.8395
125,1,125,11.039,24,1067.601,1.328,65.585,1417.745,0.8248
126,1,126,11.038,20,1070.092,1.3444,71.7428,1438.64,0.8153
127,1,127,11.041,23,1070.902,1.5397,68.1475,1648.865,0.702
128,1,128,11.042,20,1067.892,1.4126,76.4592,1508.522,0.7757
129,1,129,11.047,26,1068.892,1.33,81.1065,1421.584,0.8237
130,1,130,11.051,23,1070.833,1.3208,80.996,1414.391,0.829
131,1,131,11.055,22,1069.149,1.3461,80.5464,1439.147,0.8143
132,1,132,11.082,23,1073.317,1.363,82.3789,1462.971,0.8045
133,1,133,11.134,23,1077.31,1.3857,83.793,1492.845,0.7913
134,1,134,11.42,22,1106.589,1.4296,79.0429,1582.024,0.7659
135,1,135,11.39,22,1101.547,1.3953,84.6546,1536.953,0.7858
136,1,136,11.325,23,1097.384,1.4273,87.6497,1566.349,0.7672
137,1,137,11.47,22,1111.973,,,,
138,2,0.4,11.446,18,1107.499,,,,
139,2,1.4,11.397,15,1102.224,1.6889,90.4215,1861.582,0.6155
140,2,2.4,11.357,19,1098.887,1.6783,96.1799,1844.236,0.6216
141,2,3.4,11.354,18,1099.129,1.6244,97.2373,1785.371,0.6529
142,2,4.4,11.16,17,1078.782,1.6579,100.9497,1788.522,0.6335
143,2,5.4,11.098,17,1075.909,1.5189,106.3999,1634.201,0.7141
144,2,6.4,11.087,14,1072.762,1.5577,94.6723,1671.073,0.6916
145,2,7.4,11.056,18,1071.837,1.5421,84.8498,1652.867,0.7006
146,2,8.4,11.046,18,1070.868,1.331,85.1462,1425.329,0.8231
147,2,9.4,11.049,19,1069.086,1.2965,77.1736,1386.084,0.8431
148,2,10.4,11.05,18,1069.7,1.2897,70.9454,1379.633,0.847
149,2,11.4,11.052,21,1069.893,1.3045,66.5427,1395.655,0.8385
150,2,12.4,11.055,20,1069.666,1.3152,64.7703,1406.856,0.8322
151,2,13.4,11.056,20,1079.688,1.3294,64.6443,1435.37,0.824
152,2,14.4,11.057,22,1070.377,1.3401,64.6931,1434.361,0.8178
153,2,15.4,11.057,19,1070.896,1.3747,62.5013,1472.118,0.7978
154,2,16.4,11.058,19,1070.474,1.3698,61.5777,1466.32,0.8006
155,2,17.4,11.061,19,1071.283,1.2919,62.8472,1383.956,0.8458
156,2,18.4,11.058,21,1069.956,1.2868,61.3377,1376.855,0.8487
157,2,19.4,11.057,20,1069.86,1.3019,,1392.848,0.84
158,2,20.4,11.059,18,1069.536,1.3089,62.0603,1399.938,0.8359
159,2,21.4,11.058,19,1070.474,1.3397,64.1137,1434.162,0.818
160,2,22.4,11.059,17,1069.536,1.3454,67.2781,1438.948,0.8147
161,2,23.4,11.059,17,1070.571,1.3512,70.9975,1446.544,0.8114
162,2,24.4,11.058,18,1071.512,1.5337,63.5734,1643.392,0.7055
163,2,25.4,11.059,18,1071.609,1.4116,68.5064,1512.701,0.7763
164,2,26.4,11.06,21,1070.15,1.2818,71.2028,1371.688,0.8516
165,2,27.4,11.064,18,1071.574,1.2669,66.4745,1357.603,0.8603
166,2,28.4,11.063,20,1071.996,1.269,61.5115,1360.346,0.8591
167,2,29.4,11.066,20,1072.287,1.2884,58.1397,1381.547,0.8478
168,2,30.4,11.071,16,1072.771,1.3051,56.1389,1400.119,0.8381
169,2,31.4,11.073,22,1071.408,1.3215,56.5818,1415.873,0.8286
170,2,32.4,11.072,22,1073.388,1.3196,57.8463,1416.453,0.8297
171,2,33.4,11.072,20,1071.311,1.3266,58.1232,1421.19,0.8256
172,2,34.4,11.072,18,1071.83,1.3308,60.2555,1426.423,0.8232
173,2,35.4,11.073,20,1071.408,1.3409,62.0871,1436.652,0.8173
174,2,36.4,11.071,20,1073.812,1.3252,65.1812,1423.055,0.8264
175,2,37.4,11.07,21,1070.6,1.3355,68.1623,1429.797,0.8205
176,2,38.4,11.071,21,1071.214,1.3343,71.6758,1429.298,0.8212
177,2,39.4,11.066,17,1071.249,1.5051,65.6768,1612.293,0.7221
178,2,40.4,11.065,21,1071.152,1.6196,60.5716,1734.815,0.6557
179,2,41.4,11.063,16,1070.958,1.3279,71.589,1422.075,0.8249
180,2,42.4,11.066,15,1071.768,1.2945,70.3928,1387.427,0.8442
181,2,43.4,11.066,20,1072.807,1.2952,67.9688,1389.545,0.8438
182,2,44.4,11.075,19,1070.566,1.3023,68.0351,1394.213,0.8397
183,2,45.4,11.076,18,1071.18,1.3177,68.3943,1411.459,0.8308
184,2,46.4,11.082,23,1071.76,1.3691,69.0944,1467.338,0.801
185,2,47.4,11.085,21,1073.608,1.3744,73.2468,1475.587,0.7979
186,2,48.4,11.085,19,1072.05,1.389,78.0131,1489.029,0.7895
187,2,49.4,11.065,21,1070.634,1.4299,81.0309,1530.907,0.7657
188,2,50.4,11.058,22,1072.551,1.5072,82.1488,1616.539,0.7209
189,2,51.4,11.065,17,1071.152,1.5006,85.4486,1607.392,0.7247
190,2,52.4,11.078,19,1071.892,1.4154,89.7443,1517.206,0.7741
191,2,53.4,11.09,19,1072.534,1.4261,86.6478,1529.532,0.7679
192,2,54.4,11.099,15,1075.484,1.3889,85.4532,1493.774,0.7895
193,2,55.4,11.102,19,1075.775,1.3731,84.1447,1477.12,0.7987
194,2,56.4,11.111,17,1076.126,1.4309,80.0251,1539.825,0.7651
195,2,57.4,11.114,19,1073.816,1.4583,77.9394,1565.918,0.7493
196,2,58.4,11.117,18,1076.186,1.4676,76.3465,1579.4,0.7439
197,2,59.4,11.12,18,1076.476,1.4806,72.5288,1593.884,0.7363
198,2,60.4,11.121,19,1075.532,1.3504,76.6861,1452.373,0.8118
199,2,61.4,11.119,16,1076.379,1.319,75.6645,1419.708,0.8301
200,2,62.4,11.121,22,1077.616,1.2989,75.621,1399.729,0.8417
201,2,63.4,11.119,22,1075.859,1.2997,76.7868,1398.281,0.8412
202,2,64.4,11.117,12,1076.186,1.3727,77.7349,1477.325,0.7989
203,2,65.4,11.116,15,1075.568,1.4989,77.8221,1612.183,0.7257
204,2,66.4,11.115,12,1075.472,1.4869,86.6793,1599.075,0.7327
205,2,67.4,11.116,19,1078.177,1.4919,94.5424,1608.506,0.7298
206,2,68.4,11.119,10,1076.379,1.501,101.5089,1615.644,0.7245
207,2,69.4,11.119,15,1075.338,1.5815,102.6026,1700.673,0.6778
208,2,70.4,11.118,12,1075.242,1.6791,99.3856,1805.479,0.6212
209,2,71.4,11.117,18,1074.625,1.6011,102.3552,1720.53,0.6664
210,2,72.4,11.12,18,1076.476,1.469,106.2843,1581.367,0.743
211,2,73.4,11.119,13,1077.422,1.3816,104.7639,1488.615,0.7937
212,2,74.4,11.12,15,1084.349,1.3832,98.5594,1499.917,0.7928
213,2,75.4,11.117,16,1077.751,1.3963,94.4367,1504.874,0.7852
214,2,76.4,11.116,17,1076.089,1.4546,90.6763,1565.265,0.7514
215,2,77.4,11.118,18,1075.762,1.5176,88.873,1632.62,0.7148
216,2,78.4,11.116,19,1076.089,1.4956,92.2681,1609.396,0.7276
217,2,79.4,11.115,16,1075.472,1.4736,94.7076,1584.761,0.7404
218,2,80.4,11.112,16,1075.181,1.4463,94.9841,1555.018,0.7562
219,2,81.4,11.113,17,1077.363,1.3997,95.3937,1508,0.7832
220,2,82.4,11.109,19,1074.891,1.4031,93.6261,1508.209,0.7812
221,2,83.4,11.104,17,1074.407,1.4453,89.9507,1552.869,0.7568
222,2,84.4,11.102,17,1074.734,1.4927,88.1642,1604.282,0.7293
223,2,85.4,11.096,15,1073.114,1.519,87.2789,1630.024,0.7141
224,2,86.4,11.087,16,1075.364,1.4954,89.3749,1608.061,0.7277
225,2,87.4,11.082,17,1071.76,1.4657,92.8735,1570.904,0.7449
226,2,88.4,11.072,18,1070.793,1.4891,93.7201,1594.547,0.7314
227,2,89.4,11.065,15,1071.152,1.5453,92.474,1655.276,0.6988
228,2,90.4,11.06,16,1070.15,1.5607,93.1696,1670.146,0.6899
229,2,91.4,11.057,15,1069.342,1.5904,93.4455,1700.673,0.6726
230,2,92.4,11.056,13,1069.763,1.6159,94.3873,1728.676,0.6578
231,2,93.4,11.053,15,1071.027,1.5994,97.3757,1712.989,0.6674
232,2,94.4,11.053,20,1071.027,1.6168,99.2006,1731.67,0.6573
233,2,95.4,11.053,18,1068.955,1.6491,99.1369,1762.85,0.6386
234,2,96.4,11.054,18,1070.605,1.6318,102.0608,1747.051,0.6486
235,2,97.4,11.055,17,1068.632,1.6509,102.2631,1764.212,0.6375
236,2,98.4,11.056,18,1070.281,1.6234,103.9702,1737.474,0.6535
237,2,99.4,11.058,19,1070.474,1.6267,102.7529,1741.348,0.6516
238,2,100.4,11.057,19,1071.934,1.5995,102.5933,1714.534,0.6674
239,2,101.4,11.055,15,1070.184,1.6036,100.4536,1716.095,0.665
240,2,102.4,11.051,20,1070.315,1.6517,95.277,1767.875,0.637
241,2,103.4,11.053,21,1071.027,1.6533,95.6076,1770.707,0.6361
242,2,104.4,11.05,19,1069.182,1.6049,100.9787,1715.98,0.6642
243,2,105.4,11.048,18,1068.989,1.657,100.6643,1771.348,0.634
244,2,106.4,11.049,20,1069.603,1.6518,104.2439,1766.773,0.637
245,2,107.4,11.048,19,1070.543,1.6672,105.1665,1784.855,0.628
246,2,108.4,11.049,19,1069.603,1.6699,106.8307,1786.119,0.6265
247,2,109.4,11.051,23,1070.833,1.6722,107.5582,1790.6,0.6252
248,2,110.4,11.05,19,1069.182,1.6674,107.4272,1782.763,0.628
249,2,111.4,11.048,20,1071.062,1.646,106.5255,1762.938,0.6404
250,2,112.4,11.053,23,1071.546,1.629,104.641,1745.582,0.6502
251,2,113.4,11.054,21,1070.605,1.6275,101.8552,1742.434,0.6511
252,2,114.4,11.053,21,1069.473,1.6198,98.5429,1732.288,0.6556
253,2,115.4,11.053,19,1068.955,1.6567,93.5369,1770.986,0.6341
254,2,116.4,11.054,25,1070.087,1.6554,91.2469,1771.464,0.6349
255,2,117.4,11.055,22,1076.96,1.6683,88.6642,1796.676,0.6274
256,2,118.4,11.053,22,1072.066,1.6549,88.0229,1774.157,0.6352
257,2,119.4,11.054,23,1071.643,1.6561,87.4668,1774.782,0.6345
258,2,120.4,11.052,17,1069.376,1.6534,87.6549,1768.137,0.6361
259,2,121.4,11.049,21,1071.678,1.7714,82.7582,1898.326,0.5677
260,2,122.4,11.048,23,1068.989,1.6416,90.267,1754.871,0.6429
261,2,123.4,11.048,22,1068.472,1.6339,92.1202,1745.732,0.6474
262,2,124.4,11.046,23,1070.349,1.6373,95.7641,1752.531,0.6454
263,2,125.4,11.044,22,1070.674,1.6193,96.4031,1733.715,0.6559
264,2,126.4,11.044,23,1069.637,1.6989,93.7115,1817.241,0.6097
265,2,127.4,11.044,22,1068.602,1.6651,97.9504,1779.28,0.6293
266,2,128.4,11.045,24,1068.699,1.6742,98.3158,1789.251,0.624
267,2,129.4,11.047,23,1071.484,1.6644,100.7126,1783.345,0.6297
268,2,130.4,11.047,21,1070.965,1.6539,103.224,1771.318,0.6358
269,2,131.4,11.049,23,1071.158,1.6694,103.1436,1788.217,0.6268
270,2,132.4,11.05,22,1070.736,1.7198,100.997,1841.477,0.5976
271,2,133.4,11.05,23,1070.736,1.7208,101.3909,1842.512,0.597
272,2,134.4,11.05,27,1069.7,1.6737,104.2429,1790.368,0.6243
273,2,135.4,11.05,22,1070.736,1.6737,103.7795,1792.103,0.6243
274,2,136.4,11.049,26,1069.603,1.6631,104.4661,1778.898,0.6304
275,2,137.4,11.049,22,1069.603,1.6851,102.6421,1802.427,0.6177
276,2,138.4,11.049,23,1068.052,1.7008,102.1539,1816.526,0.6086
277,2,139.4,11.048,20,1071.062,1.6631,104.9647,1781.236,0.6305
278,2,140.4,11.048,23,1069.506,1.6879,103.8803,1805.204,0.6161
279,2,141.4,11.047,23,1069.409,1.6737,104.3243,1789.867,0.6243
280,2,142.4,11.045,22,1070.252,1.6633,104.0984,1780.125,0.6304
281,2,143.4,11.043,25,1069.022,1.6201,105.4894,1731.921,0.6554
282,2,144.4,11.039,25,1071.228,1.6684,100.6785,1787.203,0.6274
283,2,145.4,11.055,27,1071.74,1.6576,99.0469,1776.517,0.6336
284,2,146.4,11.116,22,1078.177,1.6673,94.6571,1797.607,0.628
285,2,147.4,11.262,22,1090.223,1.6344,90.3507,1781.882,0.6471
286,2,148.4,11.372,23,1102.472,1.6688,,1839.784,0.6272
287,2,149.4,11.36,23,1099.177,1.6649,,1830.05,0.6294
288,2,150.4,11.378,19,1099.855,1.6014,,1761.261,0.6663
289,3,0.2,11.424,20,1105.37,,,,
290,3,1.2,11.394,18,1103.001,,,,
291,3,2.2,11.348,20,1098.548,,,,
292,3,3.2,11.297,20,1091.498,,,,
293,3,4.2,11.335,17,1107.474,,,,
294,3,5.2,11.25,16,1090.116,1.6169,,1762.575,0.6573
295,3,6.2,11.099,21,1075.484,1.652,,1776.649,0.6369
296,3,7.2,11.05,22,1070.736,1.6397,97.8914,1755.709,0.644
297,3,8.2,11.034,22,1070.223,1.6598,102.7345,1776.387,0.6324
298,3,9.2,11.031,17,1068.895,1.667,105.6429,1781.866,0.6282
299,3,10.2,11.031,18,1069.413,1.6794,106.7193,1795.982,0.621
300,3,11.2,11.03,19,1066.731,1.6885,107.0946,1801.188,0.6157
301,3,12.2,11.029,22,1068.702,1.6868,107.2325,1802.66,0.6167
302,3,13.2,11.026,20,1066.344,1.6694,107.9649,1780.159,0.6268
303,3,14.2,11.029,19,1067.667,1.6795,106.77,1793.123,0.621
304,3,15.2,11.027,20,1067.473,1.6381,108.5704,1748.64,0.6449
305,3,16.2,11.027,23,1068.508,1.673,105.8408,1787.6,0.6247
306,3,17.2,11.031,35,1068.895,1.6926,104.5053,1809.231,0.6133
307,3,18.2,11.034,19,1067.634,1.675,104.5952,1788.251,0.6236
308,3,19.2,11.036,21,1069.38,1.6651,103.2913,1780.622,0.6293
309,3,20.2,11.035,20,1070.32,1.6632,100.6302,1780.111,0.6304
310,3,21.2,11.04,18,1070.286,1.6405,99.5179,1755.825,0.6436
311,3,22.2,11.04,20,1068.215,1.6541,96.3524,1766.904,0.6357
312,3,23.2,11.038,19,1068.021,1.6539,94.0601,1766.411,0.6358
313,3,24.2,11.039,18,1067.601,1.6375,93.5552,1748.166,0.6453
314,3,25.2,11.038,20,1069.056,1.6374,90.7336,1750.462,0.6454
315,3,26.2,11.035,23,1068.248,1.6606,88.1282,1773.938,0.6319
316,3,27.2,11.035,20,1067.731,1.6504,87.2559,1762.227,0.6378
317,3,28.2,11.033,19,1067.537,1.6409,86.386,1751.695,0.6433
318,3,29.2,11.031,19,1068.378,1.635,85.7875,1746.808,0.6467
319,3,30.2,11.032,18,1067.957,1.6244,85.8446,1734.815,0.6529
320,3,31.2,11.029,22,1068.702,1.6208,86.5842,1732.152,0.655
321,3,32.2,11.03,19,1066.731,1.6195,87.5925,1727.599,0.6557
322,3,33.2,11.025,21,1067.28,1.6466,88.1569,1757.435,0.64
323,3,34.2,11.025,23,1066.248,1.6616,89.2399,1771.728,0.6313
324,3,35.2,11.026,22,1067.893,1.6601,90.2397,1772.816,0.6322
325,3,36.2,11.028,22,1069.123,1.66,91.6062,1774.782,0.6322
326,3,37.2,11.027,18,1067.99,1.6607,93.0051,1773.559,0.6319
327,3,38.2,11.03,23,1066.731,1.6646,93.6487,1775.689,0.6296
328,3,39.2,11.033,22,1067.537,1.6574,96.3308,1769.371,0.6337
329,3,40.2,11.034,18,1067.118,1.6806,97.2952,1793.394,0.6203
330,3,41.2,11.038,24,1068.538,1.688,99.9944,1803.688,0.616
331,3,42.2,11.039,22,1068.635,1.6907,102.1096,1806.721,0.6145
332,3,43.2,11.043,19,1067.988,1.683,105.2401,1797.412,0.6189
333,3,44.2,11.047,23,1069.927,1.7009,106.3087,1819.789,0.6086
334,3,45.2,11.055,16,1072.26,1.7251,105.497,1849.748,0.5945
335,3,46.2,11.064,22,1072.093,1.7213,106.3846,1845.361,0.5967
336,3,47.2,11.065,20,1071.671,1.6745,108.8677,1794.493,0.6239
337,3,48.2,11.066,20,1070.213,1.638,110.79,1753.045,0.645
338,3,49.2,11.063,16,1070.958,1.676,108.8279,1794.879,0.623
339,3,50.2,11.041,21,1068.312,1.7434,105.6587,1862.482,0.5839
340,3,51.2,11.03,21,1068.798,1.7368,105.9122,1856.287,0.5877
341,3,52.2,11.026,22,1066.86,1.7108,107.1771,1825.179,0.6028
342,3,53.2,11.018,18,1066.602,1.7082,105.7311,1821.97,0.6043
343,3,54.2,11.02,21,1065.249,1.7374,100.7521,1850.76,0.5874
344,3,55.2,11.023,22,1066.054,1.7338,96.8323,1848.273,0.5895
345,3,56.2,11.028,20,1066.538,1.6591,97.2978,1769.503,0.6328
346,3,57.2,11.04,22,1066.667,1.6433,94.6205,1752.817,0.642
347,3,58.2,11.047,20,1068.892,1.6574,91.7709,1771.595,0.6338
348,3,59.2,11.046,21,1069.313,1.6631,89.6123,1778.401,0.6304
349,3,60.2,11.046,22,1069.83,1.6951,87.0082,1813.426,0.6119
350,3,61.2,11.052,19,1068.342,1.6932,86.0543,1808.907,0.613
351,3,62.2,11.059,20,1071.609,1.6966,84.3573,1818.121,0.611
352,3,63.2,11.058,21,1072.031,1.6961,82.1256,1818.238,0.6113
353,3,64.2,11.061,23,1071.283,1.6567,81.2118,1774.797,0.6342
354,3,65.2,11.061,19,1070.247,1.6819,78.1563,1800.043,0.6196
355,3,66.2,11.063,21,1070.958,1.6703,76.343,1788.867,0.6263
356,3,67.2,11.061,19,1070.247,1.6709,75.4323,1788.251,0.6259
357,3,68.2,11.062,20,1070.343,1.6591,75.4824,1775.804,0.6328
358,3,69.2,11.065,20,1071.152,1.6361,76.9551,1752.542,0.6461
359,3,70.2,11.059,20,1070.571,1.6263,78.4896,1741.106,0.6518
360,3,71.2,11.058,21,1070.474,1.622,82.0613,1736.265,0.6543
361,3,72.2,11.059,21,1072.648,1.6756,82.1828,1797.355,0.6232
362,3,73.2,11.053,19,1069.473,1.6618,85.3238,1777.293,0.6312
363,3,74.2,11.051,19,1070.315,1.6848,84.663,1803.3,0.6178
364,3,75.2,11.051,19,1069.279,1.6691,86.3888,1784.756,0.627
365,3,76.2,11.052,22,1069.376,1.6583,86.931,1773.327,0.6332
366,3,77.2,11.05,22,1069.7,1.651,88.3008,1766.034,0.6375
367,3,78.2,11.051,16,1070.833,1.6416,89.2521,1757.912,0.6429
368,3,79.2,11.053,23,1071.546,1.6609,89.5701,1779.745,0.6317
369,3,80.2,11.048,21,1070.543,1.7252,86.7924,1846.917,0.5944
370,3,81.2,11.046,22,1068.795,1.6934,88.9271,1809.896,0.6129
371,3,82.2,11.048,19,1068.989,1.6543,89.1083,1768.384,0.6356
372,3,83.2,11.041,23,1068.312,1.6514,88.0125,1764.195,0.6372
373,3,84.2,11.035,21,1067.731,1.6285,86.997,1738.81,0.6505
374,3,85.2,11.033,19,1067.537,1.6072,86.2578,1715.742,0.6629
375,3,86.2,11.031,21,1067.86,1.6403,84.0878,1751.566,0.6437
376,3,87.2,11.028,20,1067.054,1.661,83.1038,1772.337,0.6317
377,3,88.2,11.021,18,1065.346,1.6374,85.4063,1744.402,0.6454
378,3,89.2,11.022,23,1067.506,1.6761,84.3457,1789.233,0.6229
379,3,90.2,11.017,22,1066.505,1.6608,87.1174,1771.216,0.6318
380,3,91.2,11.015,19,1067.345,1.6622,88.9688,1774.17,0.631
381,3,92.2,11.015,22,1066.312,1.691,89.3034,1803.184,0.6142
382,3,93.2,11.017,21,1067.022,1.746,88.2418,1862.974,0.5824
383,3,94.2,11.019,20,1067.733,1.7088,91.9457,1824.503,0.604
384,3,95.2,11.02,22,1066.796,1.7079,93.3416,1821.97,0.6045
385,3,96.2,11.025,23,1066.763,1.7,94.5746,1813.449,0.6091
386,3,97.2,11.027,22,1067.473,1.6902,95.0739,1804.193,0.6148
387,3,98.2,11.028,20,1067.054,1.6675,95.4069,1779.28,0.6279
388,3,99.2,11.031,21,1069.413,1.6446,95.237,1758.764,0.6412
389,3,100.2,11.032,23,1067.957,1.6597,92.9403,1772.453,0.6324
390,3,101.2,11.03,24,1066.731,1.6637,91.3584,1774.698,0.6301
391,3,102.2,11.028,19,1068.087,1.6566,90.8566,1769.356,0.6342
392,3,103.2,11.031,23,1069.413,1.6621,90.9509,1777.51,0.631
393,3,104.2,11.027,21,1067.99,1.6714,91.4762,1784.988,0.6257
394,3,105.2,11.025,23,1065.217,1.6637,93.3497,1772.241,0.6301
395,3,106.2,11.025,23,1066.763,1.6988,91.8843,1812.179,0.6098
396,3,107.2,11.022,21,1067.506,1.7481,89.3595,1866.124,0.5811
397,3,108.2,11.021,23,1065.861,1.7719,87.7443,1888.546,0.5674
398,3,109.2,11.02,21,1067.829,1.6841,91.4097,1798.378,0.6182
399,3,110.2,11.017,22,1067.022,1.6874,90.8389,1800.527,0.6163
400,3,111.2,11.01,23,1065.828,1.6425,93.0176,1750.59,0.6424
401,3,112.2,11.01,22,1066.344,1.6753,90.2575,1786.485,0.6234
402,3,113.2,11.01,21,1064.797,1.6843,89.3142,1793.394,0.6182
403,3,114.2,11.012,21,1066.537,1.6585,91.1261,1768.862,0.6331
404,3,115.2,11.013,21,1067.151,1.6379,92.7263,1747.898,0.6451
405,3,116.2,11.016,22,1065.893,1.684,91.0449,1795.014,0.6183
406,3,117.2,11.018,22,1068.153,1.6927,93.3032,1808.082,0.6133
407,3,118.2,11.022,23,1067.506,1.6366,98.7907,1747.051,0.6458
408,3,119.2,11.025,23,1066.763,1.7259,96.7702,1841.13,0.594
409,3,120.2,11.026,21,1068.411,1.748,99.9874,1867.554,0.5812
410,3,121.2,11.027,19,1066.441,1.702,107.243,1815.113,0.6079
411,3,122.2,11.029,22,1067.15,1.7453,109.8916,1862.482,0.5828
412,3,123.2,11.032,21,1066.925,1.7343,115.8932,1850.354,0.5892
413,3,124.2,11.032,21,1067.957,1.7854,118.6835,1906.742,0.5595
414,3,125.2,11.032,19,1067.957,1.8295,121.7835,1953.848,0.5339
415,3,126.2,11.03,21,1068.281,1.7921,130.4822,1914.428,0.5556
416,3,127.2,11.03,22,1067.764,1.8353,134.6259,1959.699,0.5306
417,3,128.2,11.029,20,1069.738,1.8233,142.8214,1950.412,0.5376
418,3,129.2,11.028,23,1067.054,1.8323,149.3915,1955.129,0.5323
419,3,130.2,11.029,20,1067.15,1.7698,160.3501,1888.659,0.5686
420,3,131.2,11.028,21,1067.57,1.9072,153.7441,2036.075,0.4889
421,3,132.2,11.029,21,1067.667,1.9607,153.8816,2093.417,0.4578
422,3,133.2,11.027,18,1066.957,1.9461,158.7293,2076.371,0.4663
423,3,134.2,11.029,21,1068.702,1.9342,162.8457,2067.08,0.4732
424,3,135.2,11.031,19,1067.86,1.9493,163.8978,2081.597,0.4644
425,3,136.2,11.031,19,1069.413,1.9224,168.2174,2055.863,0.48
426,3,137.2,11.035,20,1067.731,1.9523,167.068,2084.518,0.4627
427,3,138.2,11.037,19,1069.995,1.9457,168.7456,2081.905,0.4665
428,3,139.2,11.039,20,1067.086,1.9358,169.5221,2065.668,0.4723
429,3,140.2,11.042,21,1069.443,1.9556,167.2799,2091.39,0.4608
430,3,141.2,11.043,21,1069.022,1.9438,168.2501,2077.978,0.4676
431,3,142.2,11.042,21,1068.925,1.9831,164.5659,2119.806,0.4448
432,3,143.2,11.043,21,1070.058,1.9637,164.1748,2101.243,0.4561
433,3,144.2,11.042,23,1071.519,1.9875,159.5141,2129.609,0.4423
434,3,145.2,11.045,19,1069.216,1.9497,157.702,2084.619,0.4642
435,3,146.2,11.175,18,1079.71,1.9549,145.2153,2110.776,0.4612
436,3,147.2,11.369,19,1100.048,1.9508,129.0645,2145.928,0.4636
437,3,148.2,11.355,17,1100.824,1.9381,116.2905,2133.462,0.471
438,3,149.2,11.314,17,1094.727,1.9276,101.1989,2110.144,0.4771
439,3,150.2,11.389,17,1101.984,,,,