SB_DEPTH_cm,SB_DEPTH_pxl,CT,CT_std
0.0,0.0,518.994140625,
0.5,49.449184,533.4863,30.175215
1.0,98.89838,527.10205,68.31321
1.5,148.34755,532.53625,35.599804
2.0,197.79675,527.33185,29.449478
2.5,247.24593,505.0855,122.59612
3.0,296.6951,536.8169,72.05093
3.5,346.1443,604.0019,261.45868
4.0,395.59348,613.32214,360.83847
4.5,445.04266,646.21405,276.73584
5.0,494.49185,618.04877,243.79585
5.5,543.94104,607.3649,231.91885
6.0,593.3902,583.8375,194.37512
6.5,642.83936,580.6724,168.14993
7.0,692.2886,512.5548,123.65926
7.5,741.73773,526.1046,178.57315
8.0,791.18695,560.15845,246.73174
8.5,840.63617,559.9405,283.5913
9.0,890.0853,582.6569,248.05728
9.5,939.53455,602.6246,225.84576
10.0,988.9837,590.844,226.76456
10.5,1038.4329,592.6976,221.53282
11.0,1087.8821,592.60077,225.89833
11.5,1137.3312,577.45245,226.94559
12.0,1186.7804,577.6619,234.86577
12.5,1236.2296,581.6963,246.59634
13.0,1285.6787,591.1713,237.21011
13.5,1335.1279,561.49194,225.226
14.0,1384.5771,575.7896118164062,
14.5,1434.0264,580.74755859375,
15.0,1483.4756,570.86,272.99124
15.5,1532.9247,550.95105,244.39346
16.0,1582.3739,522.35046,210.61118
16.5,1631.823,499.1935,137.49065
17.0,1681.2722,473.50827,38.073215
17.5,1730.7214,482.49243,36.658257
18.0,1780.1707,490.18817,46.888958
18.5,1829.6199,490.12103,40.747932
19.0,1879.0691,489.56433,38.076756
19.5,1928.5182,503.79388,44.876686
20.0,1977.9674,485.87003,33.35982
20.5,2027.4165,501.2549,37.730812
21.0,2076.8657,508.49866,40.147896
21.5,2126.315,503.54517,40.410225
22.0,2175.7642,491.94638,51.649323
22.5,2225.2134,515.14594,34.737347
23.0,2274.6626,518.602,34.983913
23.5,2324.1116,493.9994,34.533234
24.0,2373.5608,487.38678,36.51836
24.5,2423.01,480.86758,37.16118
25.0,2472.4592,471.26154,31.786417
25.5,2521.9084,466.5881,23.470562
26.0,2571.3577,456.81903,17.979595
26.5,2620.807,464.99384,19.156336
27.0,2670.256,470.2363,20.72007
27.5,2719.705,466.53088,17.937048
28.0,2769.1543,462.03702,15.062863
28.5,2818.6035,466.77798,17.185736
29.0,2868.0527,458.84124755859375,
29.5,2917.502,463.20330810546875,
30.0,2966.9512,466.04102,17.28821
30.5,3016.4004,462.18698,14.730363
31.0,3065.8494,460.61316,12.163971
31.5,3115.2986,457.2629,12.55763
32.0,3164.7478,457.03067,13.056285
32.5,3214.197,459.8551,15.571776
33.0,3263.6462,457.93738,14.401065
33.5,3313.0955,461.37454,11.616027
34.0,3362.5444,458.9268,14.384259
34.5,3411.9937,459.44016,13.676845
35.0,3461.4429,462.66956,15.927244
35.5,3510.892,461.9847,12.509149
36.0,3560.3413,462.55463,15.833684
36.5,3609.7905,467.5551,13.757864
37.0,3659.2395,472.01413,20.362518
37.5,3708.6887,469.3331,23.540651
38.0,3758.138,473.6302,13.8310375
38.5,3807.5872,481.3258,19.255095
39.0,3857.0361,486.08542,29.56346
39.5,3906.4856,490.34827,16.439074
40.0,3955.9348,503.47052,16.742117
40.5,4005.384,498.7806,22.280945
41.0,4054.8333,480.66852,16.671602
41.5,4104.282,512.7026,13.18831
42.0,4153.7314,529.5593,13.234512
42.5,4203.1807,535.162,16.39736
43.0,4252.63,554.3928,21.810524
43.5,4302.079,569.39856,26.29618
44.0,4351.5283,602.8885,19.502588
44.5,4400.9775,614.9671,23.535246
45.0,4450.427,608.65234,26.105722
45.5,4499.876,650.51404,45.140827
46.0,4549.3247,966.85394,268.37152
46.5,4598.774,766.652587890625,
47.0,4648.223,728.03662109375,
47.5,4697.6724,742.3104248046875,
48.0,4747.122,660.8443603515625,
48.5,4796.571,610.312255859375,
49.0,4846.02,570.3300170898438,
49.5,4895.469,562.7820434570312,
50.0,4944.9185,559.67919921875,
50.5,4994.3677,575.1490478515625,
51.0,5043.817,570.5006713867188,
51.5,5093.266,570.0355224609375,
52.0,5142.7153,544.2565307617188,
52.5,5192.1646,535.0714111328125,
53.0,5241.614,542.46630859375,
53.5,5291.0625,531.1566,40.85407
54.0,5340.5117,538.97205,44.205574
54.5,5389.961,538.5879,39.798252
55.0,5439.4106,530.71814,45.18604
55.5,5488.86,527.5134,40.332832
56.0,5538.3086,515.6031,32.052307
56.5,5587.758,507.67673,20.792725
57.0,5637.207,505.76053,26.584715
57.5,5686.6562,493.94507,20.43633
58.0,5736.1055,490.69217,36.34775
58.5,5785.5547,487.80814,20.70828
59.0,5835.004,480.6142,20.968191
59.5,5884.453,474.35757,24.006876
60.0,5933.9023,444.1304,202.02385
60.5,5983.3516,482.1031,17.362083
61.0,6032.8003,485.16043,13.497651
61.5,6082.2495,486.0801,26.668041
62.0,6131.6987,487.77283,17.095661
62.5,6181.148,479.4661,18.426134
63.0,6230.597,479.8166,21.353704
63.5,6280.0464,477.5231,15.763306
64.0,6329.4956,479.7262,14.915112
64.5,6378.945,483.87253,23.321142
65.0,6428.394,479.8455,16.784023
65.5,6477.8433,477.70337,17.840477
66.0,6527.292,471.84253,14.0587845
66.5,6576.741,468.00253,13.5746
67.0,6626.191,464.93887,15.601049
67.5,6675.64,469.90457,17.79464
68.0,6725.089,471.0944,13.805274
68.5,6774.538,467.7861,18.836838
69.0,6823.9873,465.76617,19.18059
69.5,6873.4365,468.6619,22.563843
70.0,6922.886,472.1901,18.966211
70.5,6972.335,473.18924,22.4007
71.0,7021.784,471.73392,49.37387
71.5,7071.2334,471.29575,48.879097
72.0,7120.6826,474.53046,15.291425
72.5,7170.132,481.48477,20.367258
73.0,7219.581,484.62198,15.116841
73.5,7269.0303,483.91135,14.400828
74.0,7318.479,488.94858,20.007914
74.5,7367.928,494.26273,17.243574
75.0,7417.378,499.68292,24.046692
75.5,7466.827,504.86307,21.912254
76.0,7516.2764,520.6831,27.939608
76.5,7565.725,516.6929,29.677244
77.0,7615.1743,514.9574584960938,
77.5,7664.6235,507.56467,25.618212
78.0,7714.0723,510.06567,24.059658
78.5,7763.522,502.42126,22.572506
79.0,7812.971,501.29028,15.59681
79.5,7862.4204,495.10117,12.935605
80.0,7911.8696,492.00165,16.391815
80.5,7961.3184,489.44952,17.205011
81.0,8010.7676,502.59473,12.953292
81.5,8060.2173,494.14883,20.63748
82.0,8109.6665,489.06497,17.172535
82.5,8159.115,491.19153,27.788748
83.0,8208.564,485.88538,16.3433
83.5,8258.014,484.81818,14.65217
84.0,8307.463,484.11392,14.609057
84.5,8356.912,480.35892,11.575812
85.0,8406.361,490.04028,29.631784
85.5,8455.811,480.43704,13.763791
86.0,8505.26,480.95728,13.046555
86.5,8554.709,483.67786,19.681541
87.0,8604.158,479.6452,15.76301
87.5,8653.607,481.32104,12.668955
88.0,8703.057,479.0994,11.966167
88.5,8752.506,481.96063,20.040375
89.0,8801.955,483.37247,28.680592
89.5,8851.403,481.52338,14.6672535
90.0,8900.853,481.09155,14.51984
90.5,8950.303,494.0128,18.955372
91.0,8999.752,490.64163,15.050304
91.5,9049.201,499.03134,21.508316
92.0,9098.649,505.71558,13.70209
92.5,9148.099,506.2141,13.448417
93.0,9197.548,505.89175,14.594636
93.5,9246.998,515.16516,23.784409
94.0,9296.447,510.1596,29.974133
94.5,9345.8955,524.54724,27.499767
95.0,9395.345,543.2308,25.880795
95.5,9444.794,577.93884,40.018585
96.0,9494.243,585.8704,27.92215
96.5,9543.692,589.95514,36.365402
97.0,9593.142,591.0844,36.815228
97.5,9642.591,604.1443,30.576445
98.0,9692.04,705.8869,112.403114
98.5,9741.489,742.1286,91.51031
99.0,9790.938,951.01184,257.1715
99.5,9840.388,1156.5369,311.88565
100.0,9889.837,1289.7198,215.6113
100.5,9939.286,1316.9459,120.47346
101.0,9988.735,1182.634,187.27571
101.5,10038.185,1082.5079,201.84798
102.0,10087.634,1013.67285,189.02704
102.5,10137.083,837.3459,189.03348
103.0,10186.532,1011.4342,176.43115
103.5,10235.981,1089.0443,178.76309
104.0,10285.431,1215.3297,231.48901
104.5,10334.879,1129.153,219.81047
105.0,10384.329,1025.1415,233.02985
105.5,10433.778,1069.8607,278.5171
106.0,10483.228,938.53125,268.28104
106.5,10532.676,909.23035,248.91132
107.0,10582.125,1063.9601,218.2299
107.5,10631.574,1278.5536,179.68507
108.0,10681.024,1233.5782,302.47226
108.5,10730.474,838.9838,428.5625
109.0,10779.922,675.0706,350.76328
109.5,10829.371,616.37305,285.9524
110.0,10878.82,519.60815,61.695427
110.5,10928.27,502.55685,25.485819
111.0,10977.72,509.70068,28.013147
111.5,11027.168,507.82324,30.072287
112.0,11076.617,498.90115,21.048666
112.5,11126.066,495.42224,22.641272
113.0,11175.516,499.2802,17.35483
113.5,11224.965,495.8128,19.768328
114.0,11274.414,501.84552,23.749256
114.5,11323.863,509.28552,21.407999
115.0,11373.3125,514.6878,28.25233
115.5,11422.762,518.9714,31.76685
116.0,11472.211,495.58966,31.550228
116.5,11521.66,496.79974,40.840714
117.0,11571.109,504.39813,36.92665
117.5,11620.559,502.68857,30.45202
118.0,11670.008,500.5211,32.51485
118.5,11719.457,489.22446,31.939117
119.0,11768.905,483.13016,23.851341
119.5,11818.355,477.93436,24.697252
120.0,11867.805,464.25128,40.961662
120.5,11917.254,470.4742,13.127452
121.0,11966.703,468.3669,14.705898
121.5,12016.151,475.09863,34.371002
122.0,12065.601,477.21548,39.872406
122.5,12115.051,470.82037,20.285213
123.0,12164.5,466.67273,13.875231
123.5,12213.948,469.47632,15.998671
124.0,12263.397,466.07156,17.2505
124.5,12312.847,466.9508,13.307208
125.0,12362.296,467.1318,16.384619
125.5,12411.745,466.14816,13.102204
126.0,12461.194,463.61334,31.968153
126.5,12510.644,467.60956,15.096887
127.0,12560.093,466.46884,13.484014
127.5,12609.542,469.5915,16.0842
128.0,12658.991,467.81787,15.984825
128.5,12708.44,467.76123,18.055656
129.0,12757.89,466.41824,17.632385
129.5,12807.338,464.135,20.976967
130.0,12856.787,471.6701,15.944046
130.5,12906.236,467.3028,13.282816
131.0,12955.687,469.41434,13.151027
131.5,13005.136,467.7692,14.477254
132.0,13054.585,468.77518,13.19669
132.5,13104.033,468.78586,13.487775
133.0,13153.482,469.67114,13.325205
133.5,13202.932,467.44647,11.548751
134.0,13252.382,471.31088,14.137598
134.5,13301.831,470.2672,14.375055
135.0,13351.279,469.185,11.807867
135.5,13400.729,469.37424,12.062442
136.0,13450.178,467.08475,12.392314
136.5,13499.628,471.07617,11.987056
137.0,13549.077,468.6307,11.369164
137.5,13598.525,469.33844,12.043814
138.0,13647.975,467.54868,12.857317
138.5,13697.424,471.30505,18.928766
139.0,13746.873,470.1876,12.276566
139.5,13796.323,468.4091,11.425032
140.0,13845.771,469.84946,11.665434
140.5,13895.221,470.4642,12.984117
141.0,13944.67,471.657,13.583891
141.5,13994.119,470.4179,11.384067
142.0,14043.568,471.91306,10.648188
142.5,14093.019,472.20502,14.402598
143.0,14142.467,474.59903,14.367373
143.5,14191.916,476.33054,11.484179
144.0,14241.365,476.83917,12.411803
144.5,14290.814,476.8028,15.69669
145.0,14340.264,477.62152,12.885618
145.5,14389.713,475.41083,12.770571
146.0,14439.162,476.41962,13.982002
146.5,14488.611,476.59454,14.95159
147.0,14538.061,474.39206,14.344678
147.5,14587.51,474.07483,13.606499
148.0,14636.959,477.1751,18.446413
148.5,14686.408,472.2137,13.483004
149.0,14735.856,471.99033,13.165434
149.5,14785.307,470.47208,12.011828
150.0,14834.756,471.6643,14.064628
150.5,14884.205,470.91077,16.324173
151.0,14933.654,473.27472,18.781612
151.5,14983.103,471.16495,17.318836
152.0,15032.552,472.6344,12.291509
152.5,15082.002,472.5892,14.691043
153.0,15131.45,470.98984,15.117531
153.5,15180.899,474.36026,15.747294
154.0,15230.349,473.67746,19.296389
154.5,15279.798,472.90378,12.071174
155.0,15329.247,471.20465,10.41442
155.5,15378.696,473.94006,11.734085
156.0,15428.145,471.35898,11.193403
156.5,15477.595,471.46967,9.887595
157.0,15527.044,475.25668,13.042663
157.5,15576.493,473.16095,10.859924
158.0,15625.942,474.11838,13.999256
158.5,15675.392,473.82147,13.6790905
159.0,15724.84,473.14966,14.147335
159.5,15774.29,474.74487,22.325499
160.0,15823.739,478.07144,28.310242
160.5,15873.188,477.8515,22.552965
161.0,15922.638,478.6456,14.392559
161.5,15972.086,477.35342,11.944311
162.0,16021.535,478.60825,10.882343
162.5,16070.985,479.80078,13.6564045
163.0,16120.435,480.9847,17.572296
163.5,16169.884,479.71027,12.885114
164.0,16219.332,485.4042,18.505274
164.5,16268.781,488.3251,13.839705
165.0,16318.23,484.6528,15.565512
165.5,16367.681,487.19464,15.095178
166.0,16417.129,498.65286,20.07776
166.5,16466.578,504.6252,24.87328
167.0,16516.027,520.1539,22.474623
167.5,16565.477,523.39703,18.850647
168.0,16614.926,563.67865,35.962566
168.5,16664.375,840.44415,251.58818
169.0,16713.824,937.698,250.93102
169.5,16763.273,1119.8455,289.7542
170.0,16812.723,704.62244,267.78275
170.5,16862.172,715.7115478515625,
171.0,16911.621,707.95947265625,
171.5,16961.07,684.336181640625,
172.0,17010.52,664.713134765625,
172.5,17059.969,646.4166259765625,
173.0,17109.418,634.0411987304688,
173.5,17158.867,644.712646484375,
174.0,17208.316,619.8084716796875,
174.5,17257.766,617.2479248046875,
175.0,17307.215,594.5379638671875,
175.5,17356.664,569.33484,25.87475
176.0,17406.113,578.2704,70.59209
176.5,17455.562,579.6368,74.19805
177.0,17505.01,675.0627,272.3127
177.5,17554.46,705.68207,325.54437
178.0,17603.91,726.5927,359.5751
178.5,17653.36,771.3575,408.67126
179.0,17702.809,779.12775,412.15576
179.5,17752.256,765.2701,389.88895
180.0,17801.705,756.8745,404.2298
180.5,17851.156,732.9309,386.2538
181.0,17900.605,703.3846,350.92755
181.5,17950.055,701.2696,370.08673
182.0,17999.504,689.50507,358.7265
182.5,18048.951,592.40857,194.58925
183.0,18098.4,538.7521,76.55898
183.5,18147.852,518.8473,22.211096
184.0,18197.3,522.4331,22.823385
184.5,18246.75,525.13165,22.41392
185.0,18296.197,526.04193,22.536852
185.5,18345.646,529.98285,25.44426
186.0,18395.096,518.1015,25.558435
186.5,18444.547,519.40497,28.854902
187.0,18493.996,523.26086,24.068209
187.5,18543.443,519.92084,24.980059
188.0,18592.893,522.1196,21.839346
188.5,18642.342,527.232,25.095198
189.0,18691.791,527.8508,27.17416
189.5,18741.242,525.15,27.734118
190.0,18790.69,524.2775,20.13286
190.5,18840.139,526.5002,18.154291
191.0,18889.588,524.8644,26.01805
191.5,18939.037,518.0423,29.124168
192.0,18988.486,528.6068,21.512281
192.5,19037.938,526.93616,19.31774
193.0,19087.385,528.79767,16.349817
193.5,19136.834,528.577,24.233742
194.0,19186.283,526.0327,24.386587
194.5,19235.732,526.9502,22.514185
195.0,19285.182,529.50885,22.959251
195.5,19334.63,526.11456,22.557917
196.0,19384.08,521.5436,27.244637
196.5,19433.53,527.7365,22.255009
197.0,19482.979,515.71423,37.774734
197.5,19532.428,526.0968,24.702335
198.0,19581.877,521.3891,20.459688
198.5,19631.326,516.3316,21.332079
199.0,19680.775,519.0891,19.771286
199.5,19730.225,518.82513,19.774002
200.0,19779.674,521.9396,43.00845
200.5,19829.123,522.8018,23.378416
201.0,19878.572,518.0244,23.855734
201.5,19928.021,512.32196,28.34645
202.0,19977.47,510.65338,32.02857
202.5,20026.92,506.24487,31.419622
203.0,20076.37,500.7766,19.927286
203.5,20125.818,514.5325,30.584106
204.0,20175.268,517.18164,34.108017
204.5,20224.717,508.2112,22.22204
205.0,20274.166,511.1419,22.49534
205.5,20323.615,503.02786,22.487494
206.0,20373.062,518.5993,29.46682
206.5,20422.514,503.0928,19.007961
207.0,20471.963,506.3525,18.078886
207.5,20521.412,503.07843,16.543928
208.0,20570.861,506.1561,17.039652
208.5,20620.31,506.3927,12.8779745
209.0,20669.758,506.1853,10.734855
209.5,20719.209,509.99445,15.6751585
210.0,20768.658,514.13446,13.957223
210.5,20818.107,509.52264,13.516542
211.0,20867.557,511.6796,15.599483
211.5,20917.004,508.95267,13.179485
212.0,20966.453,507.16776,13.9456
212.5,21015.904,513.21075,13.540015
213.0,21065.354,512.87213,12.555861
213.5,21114.803,512.94366,19.570362
214.0,21164.25,511.72076,16.456688
214.5,21213.7,510.2959,13.488385
215.0,21263.148,512.3201,15.757445
215.5,21312.6,508.93515,13.279663
216.0,21362.049,512.0712,17.102066
216.5,21411.496,514.92725,26.142143
217.0,21460.945,514.13403,20.523346
217.5,21510.395,511.01932,15.643661
218.0,21559.844,512.04614,16.205719
218.5,21609.295,513.29144,12.696596
219.0,21658.744,511.4878,12.845372
219.5,21708.191,508.56866,13.22501
220.0,21757.64,507.821,12.238516
220.5,21807.09,510.61844,13.36898
221.0,21856.54,512.0394,12.636763
221.5,21905.99,511.11032,12.231482
222.0,21955.438,513.06696,16.046173
222.5,22004.887,511.75372,13.885988
223.0,22054.336,512.42255,27.316574
223.5,22103.785,515.74493,35.407948
224.0,22153.234,518.99927,53.13197
224.5,22202.684,515.3274,22.333036
225.0,22252.133,522.43,39.71792
225.5,22301.582,528.3285,40.25322
226.0,22351.031,526.97974,25.01229
226.5,22400.48,526.9323,19.694662
227.0,22449.93,528.374,12.117281
227.5,22499.379,530.1883,13.045756
228.0,22548.828,528.98364,21.221342
228.5,22598.277,541.9546508789062,
229.0,22647.727,541.58544921875,
229.5,22697.176,546.607177734375,
230.0,22746.625,536.6465,19.040665
230.5,22796.074,537.19135,13.720268
231.0,22845.523,537.09064,14.668059
231.5,22894.973,532.1015,14.170372
232.0,22944.422,532.2975,14.179875
232.5,22993.871,531.6908,15.542392
233.0,23043.32,541.98895,14.5231695
233.5,23092.77,538.3153,16.482832
234.0,23142.219,551.08966,15.113583
234.5,23191.668,561.3342,16.900097
235.0,23241.117,570.0249,21.407957
235.5,23290.566,573.4632,18.85051
236.0,23340.016,581.57404,19.101637
236.5,23389.465,858.45166,337.70105
237.0,23438.914,1028.7191,329.73013
237.5,23488.363,1031.3866,310.14566
238.0,23537.81,702.91656,790.3188
238.5,23587.262,642.875732421875,
239.0,23636.71,665.411376953125,
239.5,23686.16,699.9375,
240.0,23735.61,656.078125,
240.5,23785.057,631.9903564453125,
241.0,23834.506,636.590087890625,
241.5,23883.957,656.494873046875,
242.0,23933.406,655.7421875,
242.5,23982.855,661.7033081054688,
243.0,24032.303,729.0546875,
243.5,24081.752,752.12255859375,
244.0,24131.201,786.35114,334.3917
244.5,24180.652,768.15875,325.30414
245.0,24230.102,736.13055,298.20895
245.5,24279.55,715.41565,299.63135
246.0,24328.998,675.0492,243.70023
246.5,24378.447,604.9726,139.36253
247.0,24427.896,572.6572,44.819077
247.5,24477.346,581.5227,22.340868
248.0,24526.795,562.1899,25.537989
248.5,24576.244,559.50745,18.622955
249.0,24625.693,555.7094,19.839535
249.5,24675.143,547.6725,23.844126
250.0,24724.592,549.2582,26.847218
250.5,24774.041,541.90735,22.27819
251.0,24823.49,547.8299,21.093275
251.5,24872.94,542.94244,17.557478
252.0,24922.389,537.26556,17.833675
252.5,24971.838,527.6104,39.77386
253.0,25021.287,528.6737,25.258438
253.5,25070.736,536.86926,24.622177
254.0,25120.186,532.0566,23.589546
254.5,25169.635,528.48566,28.703745
255.0,25219.084,537.90906,28.153954
255.5,25268.533,535.70135,26.372746
256.0,25317.982,529.75354,24.52923
256.5,25367.432,527.0423,24.060823
257.0,25416.883,528.83307,33.651844
257.5,25466.33,526.7688,36.37468
258.0,25515.78,532.2848,30.151178
258.5,25565.229,530.2994,32.126022
259.0,25614.676,526.37,28.865896
259.5,25664.127,534.313,16.63177
260.0,25713.576,526.58875,24.310837
260.5,25763.023,525.6028,34.168472
261.0,25812.475,523.7388,25.672112
261.5,25861.924,523.73804,22.535835
262.0,25911.371,516.4137,27.966883
262.5,25960.822,517.19385,19.73097
263.0,26010.271,521.13226,20.319292
263.5,26059.72,519.15466,25.618124
264.0,26109.17,527.20056,20.949226
264.5,26158.62,527.76697,18.762505
265.0,26208.066,523.28,18.045584
265.5,26257.518,524.4069,17.423925
266.0,26306.967,518.9417,28.173828
266.5,26356.416,524.4551,19.846529
267.0,26405.863,528.0648,21.546923
267.5,26455.314,524.7317,31.848883
268.0,26504.762,525.16675,23.656065
268.5,26554.21,525.1196,24.912573
269.0,26603.662,528.8128,46.30445
269.5,26653.111,525.0467,48.140285
270.0,26702.559,526.7075,21.930874
270.5,26752.01,526.98926,26.643574
271.0,26801.457,514.647,65.30049
271.5,26850.906,516.2527,26.01764
272.0,26900.357,519.38025,28.328642
272.5,26949.807,522.38055,32.70471
273.0,26999.254,529.96185,37.338707
273.5,27048.703,526.82184,41.431843
274.0,27098.154,523.452,31.998718
274.5,27147.602,525.2269,21.858723
275.0,27197.05,529.1283,19.85541
275.5,27246.502,525.103,25.29779
276.0,27295.95,526.53613,32.193027
276.5,27345.398,518.6694,28.171457
277.0,27394.85,513.4941,48.163692
277.5,27444.299,519.384,40.164234
278.0,27493.746,514.72296,45.3215
278.5,27543.197,508.79468,16.81246
279.0,27592.645,510.29102,17.086376
279.5,27642.094,510.50616,15.520263
280.0,27691.543,514.835,16.824306
280.5,27740.994,515.6103,14.415961
281.0,27790.441,515.0037,15.828724
281.5,27839.89,515.84515,30.7956
282.0,27889.34,510.44754,18.620556
282.5,27938.79,507.76187,17.935146
283.0,27988.238,511.50626,20.498497
283.5,28037.688,505.33795,16.744272
284.0,28087.137,506.51157,17.329878
284.5,28136.586,506.11877,15.334393
285.0,28186.037,505.5558,13.84479
285.5,28235.482,504.5925,18.83666
286.0,28284.934,507.5133,15.427695
286.5,28334.383,508.71152,14.669331
287.0,28383.832,506.43832,11.874076
287.5,28433.281,506.41553,14.77138
288.0,28482.73,506.76096,13.77232
288.5,28532.178,506.98724,14.448335
289.0,28581.629,504.9692,14.360717
289.5,28631.078,503.8945,14.764955
290.0,28680.527,504.33157,16.561316
290.5,28729.977,504.71786,15.218287
291.0,28779.426,505.02213,15.761585
291.5,28828.873,505.21024,13.900361
292.0,28878.324,509.75528,34.719196
292.5,28927.773,503.93716,15.3044405
293.0,28977.223,504.99854,13.271213
293.5,29026.67,505.38318,12.530247
294.0,29076.121,506.38367,14.787812
294.5,29125.568,512.28906,35.06655
295.0,29175.018,507.6763,11.94529
295.5,29224.469,508.9236,12.551403
296.0,29273.918,508.39868,12.656373
296.5,29323.365,513.14197,13.169682
297.0,29372.816,514.17,10.63629
297.5,29422.266,518.58044,13.3351145
298.0,29471.713,522.15924,12.200946
298.5,29521.164,527.68976,13.089685
299.0,29570.613,538.5799,17.662628
299.5,29620.06,535.9541,16.983017
300.0,29669.51,583.7899,33.77555
300.5,29718.96,599.9764,38.746803
301.0,29768.41,598.273,37.391827
301.5,29817.857,609.3382,28.209515
302.0,29867.309,656.9339,57.964367
302.5,29916.756,1017.7078,255.03644
303.0,29966.205,1125.3088,181.20694
303.5,30015.656,1150.4872,79.51972
304.0,30065.105,1082.2427,92.38494
304.5,30114.553,927.71497,162.04587
305.0,30164.004,821.451,143.38097
305.5,30213.451,757.1267,96.52467
306.0,30262.9,807.36365,148.16995
306.5,30312.35,1006.5322,236.83945
307.0,30361.799,1043.1288,197.10547
307.5,30411.248,1053.318,398.3895
308.0,30460.697,731.6265258789062,
308.5,30510.148,712.2977294921875,
309.0,30559.596,695.0799560546875,
309.5,30609.045,711.7808837890625,
310.0,30658.494,641.3466796875,
310.5,30707.943,557.048828125,
311.0,30757.393,555.2195434570312,
311.5,30806.844,598.6181030273438,
312.0,30856.29,574.79736328125,
312.5,30905.74,566.2210693359375,
313.0,30955.19,570.4574584960938,
313.5,31004.639,571.579,21.53946
314.0,31054.088,568.2996,27.678213
314.5,31103.537,562.0189,26.797594
315.0,31152.984,549.50775,30.133087
315.5,31202.436,553.68,31.468496
316.0,31251.885,531.7821,21.631891
316.5,31301.334,523.2557,36.039974
317.0,31350.783,533.4939,22.236794
317.5,31400.232,524.5204,21.162237
318.0,31449.682,539.5332,24.973446
318.5,31499.13,532.73914,26.74819
319.0,31548.58,532.95306,31.574482
319.5,31598.03,513.0724,14.74647
320.0,31647.477,518.74115,17.912807
320.5,31696.928,518.8509,20.636717
321.0,31746.377,532.99646,22.423927
321.5,31795.826,529.3787,22.151413
322.0,31845.275,508.21994,110.16747
322.5,31894.725,522.5146,28.363062
323.0,31944.172,524.5799,53.95012
323.5,31993.623,516.4833,41.869614
324.0,32043.072,518.0137,15.741262
324.5,32092.521,518.9304,16.932678
325.0,32141.97,517.75964,16.678673
325.5,32191.42,517.6229,22.850508
326.0,32240.867,519.7839,22.410297
326.5,32290.316,521.2619,15.182152
327.0,32339.768,520.5071,14.935487
327.5,32389.217,519.5769,13.889442
328.0,32438.664,521.04285,15.1085615
328.5,32488.115,522.5532,17.009336
329.0,32537.562,522.6719,14.368089
329.5,32587.012,526.28265,16.453602
330.0,32636.463,523.0667,15.369008
330.5,32685.91,524.92175,15.02776
331.0,32735.36,524.1052,13.08816
331.5,32784.81,522.4296875,
332.0,32834.258,522.980712890625,
332.5,32883.707,522.542724609375,
333.0,32933.156,521.4483032226562,
333.5,32982.605,523.0476,11.472714
334.0,33032.055,519.9853,11.036141
334.5,33081.504,522.368,19.461939
335.0,33130.953,523.7454,44.80452
335.5,33180.402,526.9668,18.209984
336.0,33229.85,524.0338,15.984765
336.5,33279.3,523.7823,19.729742
337.0,33328.75,520.87036,12.344166
337.5,33378.2,525.2449,11.8426075
338.0,33427.65,520.62085,16.410223
338.5,33477.098,520.2307,14.68428
339.0,33526.547,523.781,24.63342
339.5,33575.996,522.5852,15.349067
340.0,33625.445,520.37354,13.483691
340.5,33674.895,523.2783,13.259009
341.0,33724.344,519.6512,14.8721695
341.5,33773.793,517.14636,12.611842
342.0,33823.242,520.406,12.293596
342.5,33872.69,520.08624,12.430499
343.0,33922.14,520.6891,12.9543705
343.5,33971.59,525.397,28.06153
344.0,34021.04,522.50195,33.27355
344.5,34070.49,524.18823,28.871773
345.0,34119.938,524.2897,19.896606
345.5,34169.387,523.2448,39.523594
346.0,34218.836,523.9893798828125,
346.5,34268.285,519.47021484375,
347.0,34317.734,524.3641357421875,
347.5,34367.184,528.05255,15.526079
348.0,34416.633,525.76074,11.400304
348.5,34466.082,528.47375,34.636475
349.0,34515.53,524.59125,13.119409
349.5,34564.98,524.4909,19.725855
350.0,34614.43,526.3311,14.321738
350.5,34663.88,525.135,16.165401
351.0,34713.33,525.0237,16.185408
351.5,34762.777,526.0171,17.302216
352.0,34812.227,524.4605,15.082364
352.5,34861.676,527.2887,18.427298
353.0,34911.125,527.3912,16.607706
353.5,34960.574,528.0884,14.988069
354.0,35010.02,527.4364,17.376959
354.5,35059.473,531.6536,34.082188
355.0,35108.92,530.1001,18.916622
355.5,35158.37,532.55566,23.751858
356.0,35207.82,528.7264,13.938607
356.5,35257.27,529.99164,12.4789095
357.0,35306.72,528.7972,11.4270525
357.5,35356.168,536.47656,14.333655
358.0,35405.617,534.5777,16.523539
358.5,35455.066,538.39154,18.535692
359.0,35504.51,532.04834,16.60112
359.5,35553.965,534.24835,15.165154
360.0,35603.414,544.77905,12.8775425
360.5,35652.863,572.0763,25.975073
361.0,35702.312,599.3039,36.51086
361.5,35751.76,595.60675,46.29426
362.0,35801.207,589.3267,27.25531
362.5,35850.66,583.4169,17.928526
363.0,35900.11,590.79565,16.88763
363.5,35949.56,593.6023,19.92502
364.0,35999.008,598.55817,17.529125
364.5,36048.457,605.8268,18.93984
365.0,36097.902,596.8807,29.023012
365.5,36147.35,599.84595,46.62304
366.0,36196.805,601.06604,42.511307
366.5,36246.254,597.21857,39.638004
367.0,36295.7,597.9949,38.230225
367.5,36345.152,601.3872,47.411224
368.0,36394.598,594.6793,56.566414
368.5,36444.047,602.7361,83.57528
369.0,36493.5,594.29736,75.94514
369.5,36542.95,587.90955,60.360485
370.0,36592.395,590.08813,49.039394
370.5,36641.848,588.27875,44.46355
371.0,36691.297,611.07434,101.76287
371.5,36740.742,586.6495,66.171234
372.0,36790.19,581.0219,65.38587
372.5,36839.645,585.81616,78.232994
373.0,36889.09,733.97626,300.58524
373.5,36938.54,849.64575,441.13025
374.0,36987.992,827.858,453.16605
374.5,37037.44,916.6466,466.41104
375.0,37086.887,963.2302,490.38034
375.5,37136.336,1037.5829,505.9596
376.0,37185.785,923.65234,459.06778
376.5,37235.234,829.67017,399.4808
377.0,37284.688,681.53046,319.90173
377.5,37334.133,578.54346,32.93082
378.0,37383.582,581.0048,32.73399
378.5,37433.03,579.17804,20.57143
379.0,37482.48,576.11066,23.236908
379.5,37531.93,542.4957275390625,
380.0,37581.38,537.677490234375,
380.5,37630.83,540.74567,15.591136
381.0,37680.277,539.7659,15.547861
381.5,37729.727,539.8313,15.709013
382.0,37779.176,541.91125,22.633362
382.5,37828.625,530.37665,17.111319
383.0,37878.074,524.6097,15.322564
383.5,37927.523,537.5119,27.569632
384.0,37976.973,529.86646,28.174414
384.5,38026.42,519.0928,25.800076
385.0,38075.875,523.34033,37.31669
385.5,38125.32,514.4369,26.17562
386.0,38174.77,520.3727,28.74027
386.5,38224.22,518.74854,24.297075
387.0,38273.668,513.018,21.371183
387.5,38323.117,521.08417,19.077063
388.0,38372.566,521.7245,21.722355
388.5,38422.016,526.17145,21.895727
389.0,38471.465,534.94226,35.97882
389.5,38520.914,532.50214,32.721336
390.0,38570.363,520.1824,30.996807
390.5,38619.812,519.72186,29.19431
391.0,38669.26,520.46533,33.316128
391.5,38718.71,518.4768,28.49575
392.0,38768.16,528.788,39.938
392.5,38817.61,525.1891,28.414204
393.0,38867.06,518.923,24.897305
393.5,38916.508,508.71564,16.493525
394.0,38965.957,510.28015,20.067577
394.5,39015.406,509.43924,20.601887
395.0,39064.855,509.0367,20.342243
395.5,39114.305,507.3598,17.07131
396.0,39163.754,510.85938,17.513235
396.5,39213.203,511.1431,21.50735
397.0,39262.652,512.1501,26.46628
397.5,39312.1,513.6637,16.142555
398.0,39361.55,510.70105,14.73665
398.5,39411.0,511.43137,13.42954
399.0,39460.45,511.94598,16.977262
399.5,39509.9,509.4114,14.23859
400.0,39559.348,509.8199,14.936227
400.5,39608.797,510.2634,18.994085
401.0,39658.246,511.84732,18.662075
401.5,39707.695,511.39374,15.0878
402.0,39757.145,511.68143,22.802555
402.5,39806.594,511.70425,17.436693
403.0,39856.043,511.67877,16.102062
403.5,39905.492,511.5038,13.136184
404.0,39954.94,509.41943,12.779938
404.5,40004.39,511.2938,14.615401
405.0,40053.84,515.14197,30.476765
405.5,40103.29,510.6046,14.439619
406.0,40152.74,511.14178,13.220452
406.5,40202.188,513.2379,32.61058
407.0,40251.637,511.04813,15.282742
407.5,40301.086,513.3304,15.6439
408.0,40350.535,511.51413,12.4104395
408.5,40399.984,512.6972,16.364214
409.0,40449.434,510.11295,14.1335
409.5,40498.883,508.1599,13.5542965
410.0,40548.332,506.7639,13.344469
410.5,40597.78,506.07874,13.494688
411.0,40647.23,504.48343,14.311109
411.5,40696.68,504.66745,13.986628
412.0,40746.125,507.25977,13.411117
412.5,40795.58,506.69492,11.909686
413.0,40845.027,514.3722,17.822523
413.5,40894.477,527.98553,57.04038
414.0,40943.926,540.39575,43.20687
414.5,40993.375,519.25006,22.36605
415.0,41042.824,514.09064,15.11936
415.5,41092.273,513.5635,14.395436
416.0,41141.723,512.29926,13.369403
416.5,41191.17,522.0453491210938,
417.0,41240.62,524.1082763671875,
417.5,41290.07,533.0706787109375,
418.0,41339.52,518.0026245117188,
418.5,41388.97,515.9035,12.599402
419.0,41438.418,514.9858,15.110784
419.5,41487.867,519.6683,13.131417
420.0,41537.312,532.98444,19.609125
420.5,41586.766,526.96356,21.226463
421.0,41636.215,532.6329,13.634085
421.5,41685.664,535.0878,14.635121
422.0,41735.113,541.0347,51.51144
422.5,41784.56,556.2461,27.768875
423.0,41834.008,548.33466,29.212297
423.5,41883.46,563.0614,44.65437
424.0,41932.91,855.3102,272.07172
424.5,41982.355,1155.8807,192.75798
425.0,42031.81,1009.4764,323.30695
425.5,42081.258,790.313720703125,
426.0,42130.703,791.5623168945312,
426.5,42180.152,798.0819091796875,
427.0,42229.605,829.0496826171875,
427.5,42279.05,765.4949340820312,
428.0,42328.5,644.2467041015625,
428.5,42377.953,656.2725830078125,
429.0,42427.402,626.6387939453125,
429.5,42476.848,574.1058959960938,
430.0,42526.3,582.7231,34.22192
430.5,42575.746,590.0434,27.003231
431.0,42625.195,587.80963,25.823769
431.5,42674.65,584.7587,31.376852
432.0,42724.098,578.9306,31.930382
432.5,42773.543,563.7348,36.80178
433.0,42822.992,545.1835,33.872746
433.5,42872.44,543.316,23.628836
434.0,42921.89,557.14343,33.758705
434.5,42971.34,555.2121,36.22849
435.0,43020.793,544.3716,28.743338
435.5,43070.24,539.037,33.833645
436.0,43119.688,537.33356,30.601322
436.5,43169.137,525.78455,27.512228
437.0,43218.586,525.1472,40.34689
437.5,43268.035,529.26373,33.003605
438.0,43317.49,519.1386,19.439152
438.5,43366.934,516.956,19.197504
439.0,43416.383,515.5016,20.978079
439.5,43465.832,515.71277,18.200708
440.0,43515.28,518.66223,21.543264
440.5,43564.73,534.0211,73.4469
441.0,43614.18,510.9268,30.203573
441.5,43663.63,513.95197,18.800877
442.0,43713.08,532.42786,17.331676
442.5,43762.527,570.223,21.087856
443.0,43811.98,579.3731,16.520987
443.5,43861.426,580.3671,14.748898
444.0,43910.875,581.49786,15.789965
444.5,43960.324,545.66986,19.667356
445.0,44009.773,527.9217,19.512484
445.5,44059.223,519.2813,16.995308
446.0,44108.67,517.3083,17.266771
446.5,44158.12,519.3334,21.821507
447.0,44207.57,518.9207,20.721136
447.5,44257.02,519.4687,25.476727
448.0,44306.47,516.4607,22.480782
448.5,44355.918,514.1097,16.45049
449.0,44405.367,512.66754,14.04131
449.5,44454.816,512.76117,16.434563
450.0,44504.266,511.6028,18.557594
450.5,44553.715,514.24243,16.85628
451.0,44603.164,511.22858,14.188335
451.5,44652.613,512.8971,14.641302
452.0,44702.062,511.36304,15.835756
452.5,44751.51,511.44257,13.055777
453.0,44800.96,510.26843,16.839033
453.5,44850.41,513.98883,17.8633
454.0,44899.86,512.5728,13.5798855
454.5,44949.31,514.12305,11.997585
455.0,44998.758,516.498,13.12315
455.5,45048.207,516.7898,14.198987
456.0,45097.656,513.6176,17.805727
456.5,45147.105,516.4503,14.44159
457.0,45196.555,519.8817,26.294989
457.5,45246.004,515.78186,17.303644
458.0,45295.453,516.5108,17.262003
458.5,45344.902,519.7574,21.095552
459.0,45394.35,534.7921,29.359728
459.5,45443.8,534.94714,62.857903
460.0,45493.25,542.3644,41.238434
460.5,45542.7,523.08655,19.854015
461.0,45592.15,523.06445,34.217518
461.5,45641.598,520.80566,17.060196
462.0,45691.047,518.23737,13.123265
462.5,45740.496,521.3139,15.392935
463.0,45789.945,519.2885,15.48325
463.5,45839.395,521.5894,21.365204
464.0,45888.844,522.0886,16.549387
464.5,45938.293,525.9927,38.713802
465.0,45987.742,524.8316,19.263462
465.5,46037.19,531.3273,17.00038
466.0,46086.64,553.11676,16.636642
466.5,46136.09,579.5381,19.143595
467.0,46185.54,588.7732,18.226751
467.5,46234.99,590.4442,18.951082
468.0,46284.438,612.3248,17.938837
468.5,46333.887,591.8704,22.9125
469.0,46383.336,569.9694,18.150324
469.5,46432.78,568.99347,17.545916
470.0,46482.234,570.132,17.986076
470.5,46531.684,617.0314,108.04652
471.0,46581.133,872.8216,388.9921
471.5,46630.58,1102.2764,407.46722
472.0,46680.03,1204.9846,361.65112
472.5,46729.48,1328.5865,286.06567
473.0,46778.926,1402.6134,188.23677
473.5,46828.38,1425.5248,166.84613
474.0,46877.83,1454.9724,142.74034
474.5,46927.273,1439.9728,80.505585
475.0,46976.727,1423.9757,111.03446
475.5,47026.176,1374.2277,162.3744
476.0,47075.625,914.5836,905.3109
476.5,47125.074,620.42737,1073.1687
477.0,47174.523,637.9173583984375,
477.5,47223.97,636.8695068359375,
478.0,47273.42,622.0195922851562,
478.5,47322.87,637.8680419921875,
479.0,47372.32,668.2105712890625,
479.5,47421.766,673.0050048828125,
480.0,47471.22,636.1561279296875,
480.5,47520.664,594.12836,26.566511
481.0,47570.113,594.7354,18.312819
481.5,47619.566,597.8504,18.857946
482.0,47669.016,603.58185,24.782995
482.5,47718.46,603.4111,20.352688
483.0,47767.914,582.0389,17.540636
483.5,47817.363,572.7689,24.194479
484.0,47866.81,559.26654,23.135242
484.5,47916.26,556.4805,37.848198
485.0,47965.71,541.1173,24.255264
485.5,48015.156,545.34894,28.921568
486.0,48064.605,548.21246,28.59313
486.5,48114.06,547.175,27.144098
487.0,48163.508,538.71747,29.713293
487.5,48212.953,539.9657,28.227627
488.0,48262.406,531.06384,31.22084
488.5,48311.85,522.751,21.399412
489.0,48361.3,531.477,21.202513
489.5,48410.754,535.9097,25.90639
490.0,48460.203,540.47864,29.227993
490.5,48509.65,526.9031,25.457613
491.0,48559.1,530.1017,25.651272
491.5,48608.547,531.2537,23.933302
492.0,48657.996,527.3398,26.719849
492.5,48707.445,527.59357,24.400402
493.0,48756.895,531.6162,19.934021
493.5,48806.344,531.614501953125,
494.0,48855.793,532.7945556640625,
494.5,48905.242,533.4761962890625,
495.0,48954.69,540.9359,37.224247
495.5,49004.14,529.86646,23.714155
496.0,49053.59,522.4498,19.8603
496.5,49103.04,522.10583,24.412075
497.0,49152.49,521.9576,23.934593
497.5,49201.94,530.9834,30.596312
498.0,49251.387,536.296,33.88647
498.5,49300.836,530.72534,29.097666
499.0,49350.285,527.68634,18.619337
499.5,49399.734,530.832,27.151482
500.0,49449.184,532.1087,15.808695
500.5,49498.633,533.0823,15.780903
501.0,49548.082,534.3779,17.16204
501.5,49597.53,537.2272,16.747206
502.0,49646.98,548.7507,19.789858
502.5,49696.43,570.7118,23.461773
503.0,49745.88,579.7987,19.870588
503.5,49795.33,586.1624,18.624023
504.0,49844.777,582.96027,13.565652
504.5,49894.227,577.0734,22.742134
505.0,49943.676,544.05414,119.33022
505.5,49993.125,498.89975,258.68335
506.0,50042.574,480.52753,223.1946
506.5,50092.023,547.09094,90.37087
507.0,50141.473,617.22064,166.16588
507.5,50190.92,727.7694,274.80145
508.0,50240.37,797.9642,620.23193
508.5,50289.82,711.4547119140625,
509.0,50339.27,702.4740600585938,
509.5,50388.72,734.4906005859375,
510.0,50438.168,787.5616455078125,
510.5,50487.617,846.8587646484375,
511.0,50537.066,861.511962890625,
511.5,50586.516,935.6467,452.51874
512.0,50635.965,834.25854,376.9091
512.5,50685.414,855.7462,326.49786
513.0,50734.863,812.90497,309.28958
513.5,50784.312,787.1357,295.2221
514.0,50833.76,751.1386,257.4067
514.5,50883.21,767.9981,263.1593
515.0,50932.66,745.43414,218.26047
515.5,50982.11,738.03265,216.18732
516.0,51031.56,714.12836,223.93285
516.5,51081.008,681.2173,156.9521
517.0,51130.457,622.7574,36.596146
517.5,51179.902,624.6591,27.923624
518.0,51229.355,619.0645,31.869974
518.5,51278.805,614.1659,19.131254
519.0,51328.254,611.1636,15.492775
519.5,51377.703,609.4729,19.832317
520.0,51427.152,590.2987,17.351587
520.5,51476.6,586.6666,23.149107
521.0,51526.047,574.75323,20.61792
521.5,51575.5,578.58685,20.285213
522.0,51624.945,578.20654,19.922562
522.5,51674.4,573.53046,26.260605
523.0,51723.848,576.4979,25.33456
523.5,51773.297,572.73865,24.060545
524.0,51822.746,565.9824,18.701952
524.5,51872.195,561.3341,19.395351
525.0,51921.645,560.651,20.64066
525.5,51971.09,558.34937,13.880075
526.0,52020.543,558.05963,25.101988
526.5,52069.992,554.043,16.375786
527.0,52119.44,555.1661,21.436832
527.5,52168.89,560.4597,26.529125
528.0,52218.336,572.94116,28.974634
528.5,52267.79,573.98785,39.343082
529.0,52317.24,577.1407,18.057589
529.5,52366.688,564.10736,17.923773
530.0,52416.133,596.1435,36.771732
530.5,52465.586,631.2246,35.504974
531.0,52515.035,631.46594,26.78512
531.5,52564.48,626.7184,26.345634
532.0,52613.934,615.8768,22.737864
532.5,52663.383,610.6949,27.043858
533.0,52712.832,610.21606,27.122278
533.5,52762.277,602.8062,23.42817
534.0,52811.73,592.03906,19.798119
534.5,52861.18,588.1328,22.63804
535.0,52910.625,588.28796,29.747717
535.5,52960.08,590.2461,27.34679
536.0,53009.523,585.83435,21.002167
536.5,53058.977,589.07,29.60361
537.0,53108.426,592.5286,24.450535
537.5,53157.875,595.9186,33.344704
538.0,53207.32,593.42316,25.469997
538.5,53256.77,595.0933,26.785275
539.0,53306.223,597.76337,27.870068
539.5,53355.668,601.77325,34.92517
540.0,53405.12,596.07214,24.494635
540.5,53454.566,595.3591,20.2424
541.0,53504.02,590.0892,15.613796
541.5,53553.465,590.2914,17.20019
542.0,53602.914,590.6225,28.870413
542.5,53652.363,593.18353,21.462303
543.0,53701.812,591.1139,20.647758
543.5,53751.266,591.28253,21.430601
544.0,53800.71,586.5938,22.668516
544.5,53850.164,594.263,37.035675
545.0,53899.613,592.534,26.610798
545.5,53949.06,593.3948,30.556534
546.0,53998.508,595.0609,33.019547
546.5,54047.957,590.81177,18.178373
547.0,54097.41,590.2509,22.433243
547.5,54146.855,590.8414,12.486893
548.0,54196.31,595.4397,34.889175
548.5,54245.754,595.6341,34.25094
549.0,54295.203,595.18756,25.722292
549.5,54344.656,594.60364,20.035816
550.0,54394.1,597.1238,19.021175
550.5,54443.55,599.6761,31.745174
551.0,54493.0,594.7604,16.07346
551.5,54542.453,599.12054,16.4741
552.0,54591.9,605.37354,43.256943
552.5,54641.348,605.81537,24.41438
553.0,54690.8,603.16266,12.123384
553.5,54740.246,603.6588,12.167291
554.0,54789.695,610.609,20.455132
554.5,54839.145,614.8228,14.300066
555.0,54888.598,630.21954,11.340386
555.5,54938.043,646.42163,17.13266
556.0,54987.492,605.0882568359375,
556.5,55036.94,597.5365600585938,
557.0,55086.39,599.3741455078125,
557.5,55135.844,610.2252807617188,
558.0,55185.29,620.4774169921875,
558.5,55234.74,713.41796875,
559.0,55284.188,710.0439453125,
559.5,55333.637,716.8263549804688,
560.0,55383.086,708.7863159179688,
560.5,55432.535,728.2523803710938,
561.0,55481.99,732.611328125,
561.5,55531.434,707.7227783203125,
562.0,55580.887,693.939208984375,
562.5,55630.332,699.4739,336.7596
563.0,55679.78,787.9447,341.88586
563.5,55729.23,702.37573,381.65894
564.0,55778.68,582.50543,415.75183
564.5,55828.13,672.3214111328125,
565.0,55877.58,692.7147827148438,
565.5,55927.03,667.9588623046875,
566.0,55976.477,658.38232421875,
566.5,56025.926,669.6356201171875,
567.0,56075.375,689.7914428710938,
567.5,56124.824,681.9095458984375,
568.0,56174.273,683.4509887695312,
568.5,56223.723,678.0523071289062,
569.0,56273.168,695.0653076171875,
569.5,56322.62,704.3792114257812,
570.0,56372.074,698.0856323242188,
570.5,56421.52,701.74560546875,
571.0,56470.97,721.0409545898438,
571.5,56520.418,727.1107177734375,
572.0,56569.867,705.0078125,
572.5,56619.316,704.4871826171875,
573.0,56668.766,715.294677734375,
573.5,56718.22,711.6873168945312,
574.0,56767.664,711.5738525390625,
574.5,56817.113,703.4114990234375,
575.0,56866.56,670.2230834960938,
575.5,56916.01,659.5169677734375,
576.0,56965.46,636.5875244140625,
576.5,57014.91,635.3798828125,
577.0,57064.36,632.2227783203125,
577.5,57113.81,649.8046875,
578.0,57163.258,632.429931640625,
578.5,57212.703,632.284423828125,
579.0,57262.156,667.366943359375,
579.5,57311.605,700.4075927734375,
580.0,57361.055,712.1539306640625,
580.5,57410.504,713.0113525390625,
581.0,57459.953,709.6943969726562,
581.5,57509.402,708.78125,
582.0,57558.848,715.273681640625,
582.5,57608.3,703.384521484375,
583.0,57657.746,686.360107421875,
583.5,57707.2,689.057861328125,
584.0,57756.65,695.1224975585938,
584.5,57806.098,697.9262084960938,
585.0,57855.547,719.2857666015625,
585.5,57904.992,679.2384033203125,
586.0,57954.445,654.6143798828125,
586.5,58003.89,648.8687133789062,
587.0,58053.344,594.096923828125,
587.5,58102.79,644.95458984375,
588.0,58152.242,633.9414,25.718746
588.5,58201.69,629.52466,26.102667
589.0,58251.137,619.7928,23.792574
589.5,58300.586,603.8882,18.468468
590.0,58350.035,598.3972,21.904661
590.5,58399.49,598.0074,19.567247
591.0,58448.934,593.23846,21.085695
591.5,58498.387,595.78394,25.464663
592.0,58547.836,591.47705,23.587599
592.5,58597.28,602.8653,53.68269
593.0,58646.734,586.74255,28.751139
593.5,58696.18,580.7877,15.750813
594.0,58745.633,586.22217,18.788177
594.5,58795.08,586.19006,14.922666
595.0,58844.53,587.28064,19.151049
595.5,58893.977,582.6784,16.341913
596.0,58943.426,588.15405,17.312119
596.5,58992.88,606.6058,15.377808
597.0,59042.324,596.09424,25.851152
597.5,59091.777,580.0656,19.408527
598.0,59141.223,579.7195,15.0354
598.5,59190.676,579.0943,14.51771
599.0,59240.12,582.54315,17.136585
599.5,59289.574,581.97815,17.278513
600.0,59339.023,583.59076,16.691223
600.5,59388.47,582.04193,19.397371
601.0,59437.92,582.0565,13.218871
601.5,59487.367,580.26276,16.654749
602.0,59536.82,587.02075,63.8496
602.5,59586.266,588.1594,33.679115
603.0,59635.72,582.95435,17.747252
603.5,59685.164,590.6292,22.490389
604.0,59734.613,599.981,64.11322
604.5,59784.066,601.2831,31.526987
605.0,59833.51,596.7332,50.132874
605.5,59882.965,521.97833,345.935
606.0,59932.414,561.4064,287.33127
606.5,59981.863,523.5671,304.27042
607.0,60031.31,639.1786,42.412052
607.5,60080.758,588.4339,158.3457
608.0,60130.21,562.8698,193.26718
608.5,60179.656,624.47314453125,
609.0,60229.11,655.2119140625,
609.5,60278.555,793.45751953125,
610.0,60328.008,1116.4539,280.13162
610.5,60377.453,1295.4294,204.45032
611.0,60426.902,1364.1339,153.29723
611.5,60476.35,1298.6476,172.10724
612.0,60525.8,1325.0251,159.74142
612.5,60575.254,1378.3977,158.37337
613.0,60624.7,1266.029,107.31007
613.5,60674.152,1098.5525,267.54526
614.0,60723.598,1151.5297,238.40327
614.5,60773.047,1176.0025634765625,
615.0,60822.496,868.743408203125,
615.5,60871.945,816.9752197265625,
616.0,60921.395,807.4872436523438,
616.5,60970.844,768.3884887695312,
617.0,61020.297,742.0006103515625,
617.5,61069.742,746.637451171875,
618.0,61119.19,681.1370849609375,
618.5,61168.64,679.1033935546875,
619.0,61218.09,622.6062,32.463524
619.5,61267.54,610.7399,37.600246
620.0,61316.99,605.22833,39.985428
620.5,61366.44,592.9337,46.752583
621.0,61415.887,597.0128,37.454693
621.5,61465.336,610.863,17.115683
622.0,61514.78,606.1569,13.811208
622.5,61564.234,600.07214,22.483158
623.0,61613.684,604.2458,24.967607
623.5,61663.133,599.31177,22.462862
624.0,61712.582,617.7603,31.988773
624.5,61762.03,606.04047,34.982925
625.0,61811.48,589.92126,24.71966
625.5,61860.926,589.54047,17.502684
626.0,61910.38,592.4765,26.097164
626.5,61959.832,592.7125,27.313494
627.0,62009.277,593.2464,20.349531
627.5,62058.727,585.1964,15.276186
628.0,62108.176,593.6911,23.805895
628.5,62157.625,589.8648,14.981234
629.0,62207.074,608.0517,49.29737
629.5,62256.523,597.5376,18.743908
630.0,62305.97,613.5663,23.501324
630.5,62355.42,622.4999,18.337486
631.0,62404.87,627.0907,25.873951
631.5,62454.32,619.7427,24.627457
632.0,62503.77,663.76697,178.20021
632.5,62553.22,642.9195,75.275925
633.0,62602.668,683.2125,48.87265
633.5,62652.113,843.2447,196.4434
634.0,62701.566,1294.4039,296.20023
634.5,62751.01,1247.4401,136.72075
635.0,62800.465,1337.5182,145.92285
635.5,62849.914,1314.4775,162.90044
636.0,62899.363,1262.0059,355.60858
636.5,62948.812,707.54638671875,
637.0,62998.26,688.0352783203125,
637.5,63047.71,695.73486328125,
638.0,63097.156,662.511474609375,
638.5,63146.61,643.3692626953125,
639.0,63196.06,611.31103515625,
639.5,63245.508,602.1156005859375,
640.0,63294.957,590.257568359375,
640.5,63344.402,643.89545,133.8143
641.0,63393.855,575.11743,136.67673
641.5,63443.305,599.66516,29.49803
642.0,63492.754,592.68066,19.4021
642.5,63542.2,584.3067,22.177185
643.0,63591.652,588.2522,46.740646
643.5,63641.1,580.38873,17.22162
644.0,63690.547,587.5597,21.645615
644.5,63740.0,585.51886,17.433197
645.0,63789.45,588.0963,25.494701
645.5,63838.9,592.3286,20.95449
646.0,63888.344,554.841,120.36498
646.5,63937.797,569.99426,36.41253
647.0,63987.246,577.54126,22.305523
647.5,64036.69,576.03406,19.999
648.0,64086.145,568.674,40.281693
648.5,64135.59,569.16376,54.456974
649.0,64185.043,577.0321,18.184025
649.5,64234.492,580.87823,16.58115
650.0,64283.94,584.69904,20.115969
650.5,64333.387,583.77563,16.373035
651.0,64382.836,586.85913,20.005877
651.5,64432.29,594.08264,34.965256
652.0,64481.734,597.40533,22.356089
652.5,64531.188,598.67645,23.73837
653.0,64580.637,621.4346,68.8946
653.5,64630.086,791.8652,320.2645
654.0,64679.535,918.8121,355.84418
654.5,64728.98,954.264,351.85736
655.0,64778.434,1036.8784,402.34244
655.5,64827.88,767.0063,811.90875
656.0,64877.332,751.5236,934.4739
656.5,64926.777,786.8685,947.9946
657.0,64976.23,717.8385,907.98596
657.5,65025.68,754.0358,851.05853
658.0,65075.125,640.6948,888.9216
658.5,65124.574,703.6380615234375,
659.0,65174.023,728.0311279296875,
659.5,65223.477,833.2548217773438,
660.0,65272.92,895.450439453125,
660.5,65322.375,871.884033203125,
661.0,65371.82,816.668212890625,
661.5,65421.27,772.0443725585938,
662.0,65470.723,792.6165771484375,
662.5,65520.168,846.263427734375,
663.0,65569.62,700.775146484375,
663.5,65619.07,722.0440673828125,
664.0,65668.516,890.4923095703125,
664.5,65717.96,909.482421875,
665.0,65767.414,890.176025390625,
665.5,65816.87,871.560791015625,
666.0,65866.31,854.8162231445312,
666.5,65915.766,829.1190185546875,
667.0,65965.21,573.09314,24.506792
667.5,66014.664,560.1151,110.78604
668.0,66064.11,548.874,161.7474
668.5,66113.56,576.6257,20.952393
669.0,66163.01,577.5437,21.46188
669.5,66212.46,577.28253,21.671299
670.0,66261.91,572.3276,15.818661
670.5,66311.35,572.6006,18.352325
671.0,66360.805,574.53424,19.822886
671.5,66410.26,578.32074,18.183043
672.0,66459.7,574.9952,16.230762
672.5,66509.15,581.6639,19.669247
673.0,66558.6,574.854,17.512161
673.5,66608.055,576.9217,20.807798
674.0,66657.5,576.89575,16.876465
674.5,66706.95,578.42944,18.54477
675.0,66756.4,580.58276,19.499228
675.5,66805.85,582.10126,21.436308
676.0,66855.3,574.1783,15.906811
676.5,66904.75,576.83636,21.344398
677.0,66954.195,572.37,17.781887
677.5,67003.65,579.6036,19.793585
678.0,67053.09,581.2202,16.755669
678.5,67102.54,585.64886,18.43095
679.0,67151.99,585.62115,16.0953
679.5,67201.445,592.2598,23.533138
680.0,67250.89,588.1472,18.3072
680.5,67300.336,590.17615,15.023831
681.0,67349.79,617.56995,30.759087
681.5,67399.234,705.6932,51.600613
682.0,67448.69,687.2066,36.67776
682.5,67498.14,1020.12695,314.6691
683.0,67547.586,810.9718017578125,
683.5,67597.04,752.0103759765625,
684.0,67646.484,792.2313232421875,
684.5,67695.94,819.3831787109375,
685.0,67745.38,815.6005859375,
685.5,67794.83,782.1853637695312,
686.0,67844.28,626.6864624023438,
686.5,67893.73,622.780029296875,
687.0,67943.18,614.7133178710938,
687.5,67992.625,597.99169921875,
688.0,68042.08,599.2109375,
688.5,68091.52,621.6551,18.153984
689.0,68140.98,608.613,21.62735
689.5,68190.42,591.4522,19.449894
690.0,68239.875,594.18805,20.099646
690.5,68289.33,593.94446,23.90324
691.0,68338.77,591.0842,20.379753
691.5,68388.23,592.96967,19.78851
692.0,68437.67,588.93976,20.092978
692.5,68487.12,596.3558,33.82574
693.0,68536.57,596.8945,25.74263
693.5,68586.016,589.64886,21.458025
694.0,68635.47,590.084,17.35701
694.5,68684.914,597.1412,27.096573
695.0,68734.37,593.7826,20.697348
695.5,68783.81,591.53864,17.313494
696.0,68833.266,592.63245,16.438852
696.5,68882.72,594.89764,18.474941
697.0,68932.164,594.7303,18.930508
697.5,68981.61,594.72815,20.692425
698.0,69031.06,602.6504,19.88349
698.5,69080.516,604.42163,24.655348
699.0,69129.96,601.71484,18.255962
699.5,69179.41,600.6669,18.91568
700.0,69228.86,604.12634,21.960733
700.5,69278.305,601.8661,19.07066
701.0,69327.76,605.6251,20.682875
701.5,69377.2,606.38794,19.130453
702.0,69426.66,609.6941,21.276127
702.5,69476.1,615.83765,23.797972
703.0,69525.555,617.5679,24.063303
703.5,69575.0,649.9031,45.034687
704.0,69624.45,716.45795,57.964096
704.5,69673.91,801.85675,48.1228
705.0,69723.35,670.8626708984375,
705.5,69772.8,705.8284912109375,
706.0,69822.25,722.4005126953125,
706.5,69871.695,747.9402465820312,
707.0,69921.15,666.3943481445312,
707.5,69970.59,666.78076171875,
708.0,70020.04,651.376708984375,
708.5,70069.49,642.0206298828125,
709.0,70118.945,637.8219604492188,
709.5,70168.39,690.14013671875,
710.0,70217.84,687.8538818359375,
710.5,70267.29,734.9562377929688,
711.0,70316.74,718.2433471679688,
711.5,70366.19,734.6304931640625,
712.0,70415.64,773.9826049804688,
712.5,70465.09,832.5538330078125,
713.0,70514.54,880.422119140625,
713.5,70563.984,886.2619018554688,
714.0,70613.44,859.8446655273438,
714.5,70662.88,891.3751220703125,
715.0,70712.336,901.7174072265625,
715.5,70761.78,895.197021484375,
716.0,70811.23,859.7890014648438,
716.5,70860.68,647.6388549804688,
717.0,70910.13,632.8026123046875,
717.5,70959.58,626.6558227539062,
718.0,71009.03,618.360107421875,
718.5,71058.48,617.8778686523438,
719.0,71107.93,621.022705078125,
719.5,71157.375,616.6719970703125,
720.0,71206.83,617.9534912109375,
720.5,71256.27,628.8846435546875,
721.0,71305.73,630.038330078125,
721.5,71355.17,631.78546,48.762135
722.0,71404.62,630.779,22.581291
722.5,71454.07,633.8221,32.220287
723.0,71503.52,627.76886,29.814857
723.5,71552.97,631.4864,27.937908
724.0,71602.42,627.0142,18.122032
724.5,71651.87,625.10004,21.264303
725.0,71701.32,618.7985,23.308771
725.5,71750.766,616.96295,24.07832
726.0,71800.22,617.1627,23.335348
726.5,71849.664,618.2494,28.09016
727.0,71899.12,618.03375,22.611778
727.5,71948.56,622.307,29.885736
728.0,71998.016,618.5453,22.72918
728.5,72047.46,618.764,20.351095
729.0,72096.91,626.10583,27.752567
729.5,72146.36,626.04926,18.593355
730.0,72195.805,632.2883,27.636465
730.5,72245.26,631.9399,36.529167
731.0,72294.71,627.63043,23.447222
731.5,72344.16,631.74,21.341793
732.0,72393.61,626.75757,19.9796
732.5,72443.055,623.20526,22.71842
733.0,72492.51,624.4007,25.256819
733.5,72541.95,628.7707,144.91956
734.0,72591.41,705.4732666015625,
734.5,72640.85,712.6400146484375,
735.0,72690.305,783.3712158203125,
735.5,72739.75,820.00146,67.86962
736.0,72789.195,869.50635,81.85137
736.5,72838.65,960.5669,69.505356
737.0,72888.09,858.6569,59.750286
737.5,72937.55,861.0287,29.891075
738.0,72986.99,923.8298,57.15588
738.5,73036.445,1069.3833,180.01913
739.0,73085.9,754.6669921875,
739.5,73135.34,769.8336791992188,
740.0,73184.8,754.9866943359375,
740.5,73234.24,754.321533203125,
741.0,73283.695,745.2137451171875,
741.5,73333.14,702.09033203125,
742.0,73382.59,798.7935791015625,
742.5,73432.04,803.641845703125,
743.0,73481.484,756.8392333984375,
743.5,73530.94,728.3819580078125,
744.0,73580.38,715.49462890625,
744.5,73629.836,742.8193969726562,
745.0,73679.28,795.1220092773438,
745.5,73728.734,797.3113403320312,
746.0,73778.18,793.4378662109375,
746.5,73827.63,792.7144165039062,
747.0,73877.086,816.3019409179688,
747.5,73926.53,823.8765869140625,
748.0,73975.984,830.07666015625,
748.5,74025.43,838.9407958984375,
749.0,74074.88,852.834716796875,
749.5,74124.33,802.4014282226562,
750.0,74173.77,792.9202880859375,
750.5,74223.23,812.8260498046875,
751.0,74272.67,845.1576538085938,
751.5,74322.125,964.0972290039062,
752.0,74371.57,977.1279296875,
752.5,74421.02,1004.3511962890625,
753.0,74470.47,1006.1888427734375,
753.5,74519.92,1037.002685546875,
754.0,74569.37,995.0204467773438,
754.5,74618.82,1066.947021484375,
755.0,74668.266,1078.7464599609375,
755.5,74717.72,1078.49609375,
756.0,74767.17,1084.002685546875,
756.5,74816.62,1099.017333984375,
757.0,74866.06,1087.7523193359375,
757.5,74915.516,1109.396728515625,
758.0,74964.96,1105.300048828125,
758.5,75014.414,1114.927978515625,
759.0,75063.86,1073.0655517578125,
759.5,75113.31,1091.818115234375,
760.0,75162.76,1094.728271484375,
760.5,75212.21,969.5938110351562,
761.0,75261.66,951.7574462890625,
761.5,75311.11,1036.6297607421875,
762.0,75360.555,1138.0567626953125,
762.5,75410.01,1095.162353515625,
763.0,75459.45,976.4537353515625,
763.5,75508.91,975.1282958984375,
764.0,75558.35,976.4617309570312,
764.5,75607.805,963.6129150390625,
765.0,75657.25,942.934814453125,
765.5,75706.7,944.4953002929688,
766.0,75756.15,947.5469360351562,
766.5,75805.6,963.5125732421875,
767.0,75855.05,958.8388671875,
767.5,75904.5,950.7381591796875,
768.0,75953.945,956.5391845703125,
768.5,76003.4,955.062744140625,
769.0,76052.84,886.4540405273438,
769.5,76102.3,900.969970703125,
770.0,76151.74,964.2747802734375,
770.5,76201.195,921.5137939453125,
771.0,76250.64,869.2861328125,
771.5,76300.09,965.0923,106.47139
772.0,76349.54,941.62854,59.766006
772.5,76398.984,682.621,476.2543
773.0,76448.44,825.857,452.04346
773.5,76497.89,1033.1902,159.19366
774.0,76547.336,997.0219,70.364716
774.5,76596.79,1057.0029,64.862434
775.0,76646.234,1170.2113,70.955086
775.5,76695.69,1203.2825,66.52447
776.0,76745.13,1187.5302,145.57805
776.5,76794.586,1119.8045654296875,
777.0,76844.03,874.3323974609375,
777.5,76893.484,1198.9920654296875,
778.0,76942.93,1130.0242919921875,
778.5,76992.38,1194.01171875,
779.0,77041.83,998.6671142578125,
779.5,77091.27,1014.1253662109375,
780.0,77140.73,1080.9346923828125,
780.5,77190.17,1061.996826171875,
781.0,77239.625,1091.975341796875,
781.5,77289.07,1086.7764892578125,
782.0,77338.52,1080.85986328125,
782.5,77387.98,1115.513427734375,
783.0,77437.42,1095.82958984375,
783.5,77486.875,1077.0792236328125,
784.0,77536.32,1055.472412109375,
784.5,77585.77,1057.85400390625,
785.0,77635.22,1062.082275390625,
785.5,77684.67,989.2950439453125,
786.0,77734.12,944.9962158203125,
786.5,77783.56,1005.2999267578125,
787.0,77833.016,1076.248046875,
787.5,77882.46,1060.35888671875,
788.0,77931.914,1049.4266357421875,
788.5,77981.37,1061.076416015625,
789.0,78030.81,1130.364013671875,
789.5,78080.26,1105.995361328125,
790.0,78129.71,1091.81396484375,
790.5,78179.164,1098.5517578125,
791.0,78228.61,1067.3299560546875,
791.5,78278.06,1068.7161865234375,
792.0,78327.51,1122.8148193359375,
792.5,78376.96,1077.2674560546875,
793.0,78426.41,1125.6630859375,
793.5,78475.85,1041.8118896484375,
794.0,78525.305,1019.5704345703125,
794.5,78574.75,995.9439086914062,
795.0,78624.2,1038.935302734375,
795.5,78673.65,1004.73681640625,
796.0,78723.1,1018.3135375976562,
796.5,78772.555,676.6499633789062,
797.0,78822.0,642.6554565429688,
