SB_DEPTH_cm,SB_DEPTH_pxl,CT,CT_std
0.0,0.0,584.630126953125,
0.5,49.30013,582.39306640625,
1.0,98.60026,506.66644,33.39031
1.5,147.90039,513.946,49.273632
2.0,197.20052,513.54047,44.041786
2.5,246.50064,519.2536,36.9006
3.0,295.80078,513.76086,34.454838
3.5,345.1009,500.81595,33.46993
4.0,394.40103,498.64148,31.467466
4.5,443.70117,498.57797,37.59792
5.0,493.00128,496.45978,28.174816
5.5,542.3014,489.85464,20.452948
6.0,591.60156,489.18716,16.803247
6.5,640.9017,487.0332,20.148012
7.0,690.2018,477.06165,20.12086
7.5,739.5019,489.66547,19.86235
8.0,788.80206,491.76318,21.060608
8.5,838.10223,481.18265,25.569118
9.0,887.4023,475.1803,26.946451
9.5,936.7024,480.63293,33.391735
10.0,986.00256,480.52408,35.73161
10.5,1035.3027,480.8977,27.871778
11.0,1084.6028,480.9666,23.240013
11.5,1133.903,474.85428,22.08563
12.0,1183.2031,466.07422,25.038773
12.5,1232.5032,468.04855,32.2641
13.0,1281.8033,466.84326,23.145477
13.5,1331.1034,470.13367,23.362926
14.0,1380.4036,473.4993,28.279783
14.5,1429.7037,473.83566,37.301968
15.0,1479.0039,473.4522,49.439922
15.5,1528.304,479.8226,30.391901
16.0,1577.6041,472.23505,37.667606
16.5,1626.9043,488.62778,28.339462
17.0,1676.2043,469.20813,23.880398
17.5,1725.5044,465.0017,26.333076
18.0,1774.8046,476.5441,29.804844
18.5,1824.1047,476.23392,30.752394
19.0,1873.4049,493.25333,32.68003
19.5,1922.705,489.85907,22.05163
20.0,1972.0051,466.9764,27.695902
20.5,2021.3053,468.23694,29.34378
21.0,2070.6055,467.22934,22.36398
21.5,2119.9055,468.92715,25.094032
22.0,2169.2056,480.01154,26.930756
22.5,2218.5056,510.448,39.270676
23.0,2267.806,510.53656,41.031708
23.5,2317.106,503.51047,30.981325
24.0,2366.4062,507.0791,39.3509
24.5,2415.7063,507.97867,30.621542
25.0,2465.0063,528.8905,31.360142
25.5,2514.3066,527.4992,35.11725
26.0,2563.6067,572.6842,40.18041
26.5,2612.9067,530.4387,37.808163
27.0,2662.2068,542.2692,38.217903
27.5,2711.507,602.50964,67.80118
28.0,2760.8071,702.1035,159.29785
28.5,2810.1072,617.79895,291.32816
29.0,2859.4075,585.2236328125,
29.5,2908.7075,579.4932861328125,
30.0,2958.0078,572.9425659179688,
30.5,3007.3079,577.2672119140625,
31.0,3056.608,569.6480102539062,
31.5,3105.908,570.5992431640625,
32.0,3155.2083,570.4346923828125,
32.5,3204.5083,563.616455078125,
33.0,3253.8086,560.9962158203125,
33.5,3303.1086,541.21265,28.42357
34.0,3352.4087,555.4954,103.399315
34.5,3401.7087,594.29895,208.24321
35.0,3451.009,642.1504,303.7886
35.5,3500.309,634.12427,316.29816
36.0,3549.6091,623.5357,307.84393
36.5,3598.9094,587.2984,247.12251
37.0,3648.2095,542.88,113.69352
37.5,3697.5095,535.8867,101.23391
38.0,3746.8098,518.6166,82.94982
38.5,3796.1099,508.82803,54.312073
39.0,3845.41,503.04242,48.6356
39.5,3894.71,492.2238,30.490553
40.0,3944.0103,489.74237,22.878336
40.5,3993.3103,485.06238,30.636158
41.0,4042.6104,488.87866,22.411299
41.5,4091.9104,487.6249,31.932854
42.0,4141.2104,486.14905,35.975723
42.5,4190.5107,468.1138,24.650227
43.0,4239.811,461.0088,21.023243
43.5,4289.111,456.19733,24.279604
44.0,4338.411,463.7066,26.461226
44.5,4387.7114,469.03082,28.39953
45.0,4437.0117,467.00528,29.326225
45.5,4486.3115,464.81512,36.359207
46.0,4535.612,463.1365,29.945078
46.5,4584.912,470.81525,31.193686
47.0,4634.212,476.82996,33.407654
47.5,4683.512,483.49722,27.922682
48.0,4732.8125,495.59637,35.65642
48.5,4782.1123,492.19595,40.466076
49.0,4831.4126,495.6215,31.760038
49.5,4880.713,489.33786,32.905865
50.0,4930.0127,503.0038,27.048431
50.5,4979.313,506.95306,21.594707
51.0,5028.613,470.80298,54.305008
51.5,5077.913,486.47253,39.12389
52.0,5127.2134,480.57294,29.628378
52.5,5176.513,467.40277,72.09561
53.0,5225.8135,481.67966,35.6865
53.5,5275.114,484.62555,29.844894
54.0,5324.4136,493.18152,37.400875
54.5,5373.714,475.62778,44.698784
55.0,5423.014,470.03717,41.578297
55.5,5472.314,474.81702,28.057156
56.0,5521.6143,470.2061,34.654278
56.5,5570.9146,473.08942,33.19022
57.0,5620.2144,477.4941,35.21247
57.5,5669.5146,478.69064,45.667675
58.0,5718.815,464.957,62.391186
58.5,5768.115,479.34332,51.65385
59.0,5817.415,482.55588,47.048122
59.5,5866.7153,480.14532,50.780666
60.0,5916.0156,472.27917,34.32387
60.5,5965.3154,470.00687,28.175192
61.0,6014.6157,477.51425,42.033688
61.5,6063.9155,483.49384,45.25575
62.0,6113.216,490.3417,35.412315
62.5,6162.516,494.2999,29.280407
63.0,6211.816,499.28723,30.198252
63.5,6261.116,511.93963623046875,
64.0,6310.4165,516.6854248046875,
64.5,6359.7163,516.5709838867188,
65.0,6409.0166,503.7836,28.893118
65.5,6458.317,494.05853,26.310913
66.0,6507.617,514.00134,26.992033
66.5,6556.917,516.2802,44.457134
67.0,6606.2173,519.0707,32.79696
67.5,6655.517,523.71265,35.53305
68.0,6704.8174,517.4989,25.091297
68.5,6754.117,516.29724,23.229185
69.0,6803.4175,511.3012,18.20714
69.5,6852.718,513.333984375,
70.0,6902.018,524.867431640625,
70.5,6951.318,512.942626953125,
71.0,7000.618,527.7687377929688,
71.5,7049.918,526.0936279296875,
72.0,7099.2183,515.2697143554688,
72.5,7148.5186,522.26904296875,
73.0,7197.819,530.1729736328125,
73.5,7247.1187,531.9505615234375,
74.0,7296.419,526.5806274414062,
74.5,7345.7188,527.2802734375,
75.0,7395.019,528.13134765625,
75.5,7444.319,533.036376953125,
76.0,7493.619,542.725830078125,
76.5,7542.9194,558.4190673828125,
77.0,7592.2197,564.1143188476562,
77.5,7641.52,798.8589,254.20518
78.0,7690.8203,755.64294,271.04794
78.5,7740.12,717.61743,309.7368
79.0,7789.4204,681.10236,266.36023
79.5,7838.72,756.333,270.99197
80.0,7888.0205,849.43024,354.67474
80.5,7937.3203,744.3078,312.33572
81.0,7986.6206,671.7085,280.26675
81.5,8035.921,547.08704,123.94863
82.0,8085.221,518.2687,54.52667
82.5,8134.521,509.05106,17.938993
83.0,8183.8213,507.5398,18.690392
83.5,8233.121,500.6762,18.897167
84.0,8282.421,501.85416,17.335384
84.5,8331.722,502.1691,20.508148
85.0,8381.021,500.14062,23.671589
85.5,8430.322,515.6421,112.66227
86.0,8479.622,495.7776,20.201189
86.5,8528.922,486.51865,16.659548
87.0,8578.222,479.40524,13.968495
87.5,8627.522,478.66232,14.3238125
88.0,8676.822,474.8844,21.868418
88.5,8726.123,471.95917,19.80707
89.0,8775.423,472.3077,19.530956
89.5,8824.723,471.88004,14.767616
90.0,8874.023,472.66895,17.529104
90.5,8923.323,470.60983,16.639175
91.0,8972.623,469.1437,16.429987
91.5,9021.923,468.05923,12.888609
92.0,9071.224,466.78537,13.476732
92.5,9120.523,469.05557,21.668604
93.0,9169.824,468.5376,18.427011
93.5,9219.124,466.22977,17.318014
94.0,9268.424,468.54672,24.862057
94.5,9317.724,476.29776,31.030834
95.0,9367.024,475.28342,22.039528
95.5,9416.324,470.78107,21.74649
96.0,9465.625,475.1031,26.397104
96.5,9514.925,473.1965,24.691652
97.0,9564.225,467.63474,15.408639
97.5,9613.524,468.78687,22.099426
98.0,9662.825,468.96445,14.035428
98.5,9712.125,474.022,22.232977
99.0,9761.425,475.73914,25.860622
99.5,9810.726,477.31863,32.08456
100.0,9860.025,473.69946,17.817902
100.5,9909.326,478.2042,19.092716
101.0,9958.626,501.53012,58.90238
101.5,10007.926,498.82062,39.46842
102.0,10057.226,503.00888,22.593786
102.5,10106.526,502.79492,29.974592
103.0,10155.826,488.4788,19.097387
103.5,10205.126,489.8555,26.172815
104.0,10254.427,495.00693,23.819202
104.5,10303.727,492.79132,23.462118
105.0,10353.027,506.09384,27.757164
105.5,10402.327,539.1452,52.007618
106.0,10451.627,569.6084,102.07125
106.5,10500.927,602.5284,91.75646
107.0,10550.228,633.99585,178.11151
107.5,10599.527,582.46924,147.35577
108.0,10648.828,704.67,175.74498
108.5,10698.128,948.84424,296.8802
109.0,10747.428,1067.3793,242.43689
109.5,10796.728,929.90356,298.38568
110.0,10846.028,922.3779296875,
110.5,10895.328,794.548583984375,
111.0,10944.628,607.9891357421875,
111.5,10993.929,617.5291748046875,
112.0,11043.229,609.0968627929688,
112.5,11092.529,610.5323486328125,
113.0,11141.829,610.7432861328125,
113.5,11191.129,584.4017333984375,
114.0,11240.429,586.6818237304688,
114.5,11289.7295,541.9972,117.497635
115.0,11339.029,559.64044,162.4065
115.5,11388.329,564.4487,172.32481
116.0,11437.63,562.17804,188.09941
116.5,11486.93,565.0511,195.89012
117.0,11536.23,559.93854,197.67961
117.5,11585.53,555.2644,188.2367
118.0,11634.83,543.79517,175.42014
118.5,11684.13,527.448,153.29868
119.0,11733.431,520.6072,119.010376
119.5,11782.73,500.0841,55.251335
120.0,11832.031,508.76437,86.986725
120.5,11881.331,566.8365,284.30194
121.0,11930.631,562.90546,270.93518
121.5,11979.931,551.6465,241.12132
122.0,12029.231,495.8063,64.52812
122.5,12078.531,487.33862,21.217323
123.0,12127.831,480.64978,15.851996
123.5,12177.132,474.7398,13.615793
124.0,12226.432,475.83777,14.955248
124.5,12275.731,473.99008,14.823029
125.0,12325.031,470.0926,14.784766
125.5,12374.332,464.07047,23.407232
126.0,12423.632,465.73352,14.3242
126.5,12472.933,462.20087,12.413982
127.0,12522.232,464.21005,13.481171
127.5,12571.533,465.91632,11.19268
128.0,12620.833,464.5003,13.730077
128.5,12670.133,465.7033,12.828523
129.0,12719.433,460.38724,28.837067
129.5,12768.733,464.6919,14.852044
130.0,12818.033,463.25388,13.948297
130.5,12867.334,464.6956,12.816271
131.0,12916.633,465.02304,13.912314
131.5,12965.934,461.77008,13.742128
132.0,13015.233,462.65433,11.431305
132.5,13064.534,465.69733,15.323226
133.0,13113.834,468.335,15.902197
133.5,13163.134,468.887,11.926173
134.0,13212.435,466.49078,12.820286
134.5,13261.733,470.59933,13.337082
135.0,13311.034,471.27655,16.214424
135.5,13360.334,471.12244,10.9812155
136.0,13409.635,474.07953,12.250096
136.5,13458.936,477.0647,23.854946
137.0,13508.235,472.46768,15.038348
137.5,13557.535,472.92062,13.914947
138.0,13606.835,481.25583,32.161625
138.5,13656.136,480.05164,19.349691
139.0,13705.436,476.94235,11.798807
139.5,13754.735,478.58194,13.74962
140.0,13804.036,488.8612,23.013245
140.5,13853.336,488.2249,12.7122135
141.0,13902.636,487.12314,10.97834
141.5,13951.937,491.78918,18.564922
142.0,14001.236,499.62903,13.1824045
142.5,14050.537,507.19806,17.898815
143.0,14099.836,515.599,16.17627
143.5,14149.137,520.1103,13.067844
144.0,14198.437,534.8096,19.520332
144.5,14247.737,541.1217,16.545948
145.0,14297.037,553.1399,20.574375
145.5,14346.337,556.92975,18.476444
146.0,14395.638,546.11383,21.376081
146.5,14444.937,521.8183,23.919613
147.0,14494.237,516.7698,21.877634
147.5,14543.538,691.05585,188.4627
148.0,14592.838,667.31476,101.84439
148.5,14642.139,640.0489,107.06509
149.0,14691.4375,620.90845,100.40458
149.5,14740.738,594.69806,69.55872
150.0,14790.038,783.19147,241.31035
150.5,14839.338,1035.1912,297.04428
151.0,14888.639,1036.0398,240.9805
151.5,14937.938,1032.9341,213.91655
152.0,14987.239,957.48584,212.61502
152.5,15036.539,989.33795,212.89368
153.0,15085.839,952.88806,177.61256
153.5,15135.14,972.66626,189.79158
154.0,15184.439,709.089599609375,
154.5,15233.739,651.5638427734375,
155.0,15283.039,642.92626953125,
155.5,15332.34,636.1890869140625,
156.0,15381.64,606.6044921875,
156.5,15430.939,620.38720703125,
157.0,15480.24,615.3471069335938,
157.5,15529.54,649.7072,204.04329
158.0,15578.841,652.4126,234.3792
158.5,15628.14,602.2307,143.61707
159.0,15677.44,574.06635,18.3939
159.5,15726.741,563.97015,21.108162
160.0,15776.041,558.6512,18.665869
160.5,15825.342,550.9664,20.83917
161.0,15874.641,541.963,27.16155
161.5,15923.941,545.72266,17.605278
162.0,15973.241,550.2668,17.665718
162.5,16022.541,551.9975,24.212803
163.0,16071.842,557.3066,28.776806
163.5,16121.142,542.6848,20.88767
164.0,16170.442,542.37335,22.453459
164.5,16219.742,537.6051,28.680025
165.0,16269.042,532.9476,22.214603
165.5,16318.342,525.4144,41.86371
166.0,16367.643,531.80475,35.30018
166.5,16416.943,540.48315,34.52507
167.0,16466.242,533.2002,31.956902
167.5,16515.543,517.863,137.04387
168.0,16564.844,531.583,36.017677
168.5,16614.143,534.33435,37.780914
169.0,16663.443,536.5982,35.520992
169.5,16712.742,528.9149,31.007215
170.0,16762.043,525.0715,18.805042
170.5,16811.344,524.29407,16.91133
171.0,16860.645,519.84924,23.688202
171.5,16909.943,514.61835,23.346737
172.0,16959.244,520.3608,19.087957
172.5,17008.545,517.9127,23.463844
173.0,17057.844,517.36383,25.906565
173.5,17107.145,519.0056,29.539442
174.0,17156.443,519.9429,30.193562
174.5,17205.744,517.711,30.859001
175.0,17255.045,516.4706,31.913568
175.5,17304.346,517.17596,29.245844
176.0,17353.645,504.46506,21.694584
176.5,17402.945,496.0308,26.293045
177.0,17452.244,490.83743,31.109932
177.5,17501.545,491.02017,32.104347
178.0,17550.846,482.50385,30.739857
178.5,17600.146,483.0874,19.260914
179.0,17649.445,482.00427,13.293131
179.5,17698.746,480.51843,18.511728
180.0,17748.047,484.06436,16.17761
180.5,17797.346,480.55856,12.949848
181.0,17846.646,480.90356,12.532058
181.5,17895.945,480.97086,9.899834
182.0,17945.246,484.57062,13.459889
182.5,17994.547,493.42075,18.667938
183.0,18043.846,493.06216,15.860628
183.5,18093.146,488.84015,12.911536
184.0,18142.447,487.89233,13.07246
184.5,18191.748,486.20175,13.027943
185.0,18241.047,484.95343,16.748058
185.5,18290.348,483.25183,12.903328
186.0,18339.648,483.3877,12.519992
186.5,18388.947,486.53214,15.821128
187.0,18438.248,495.09244,12.622432
187.5,18487.549,502.20145,17.080885
188.0,18536.848,506.6989,12.483387
188.5,18586.148,512.86304,13.839068
189.0,18635.447,509.42236,12.650665
189.5,18684.748,513.61884,10.549212
190.0,18734.049,529.4713,13.826782
190.5,18783.35,544.0396,19.95212
191.0,18832.648,547.49176,16.519691
191.5,18881.95,531.21484,19.851591
192.0,18931.25,539.0076,12.581838
192.5,18980.549,536.13983,12.72695
193.0,19029.85,551.83527,20.372475
193.5,19079.148,612.0894,56.239075
194.0,19128.45,645.2524,48.595917
194.5,19177.75,641.3347,21.828146
195.0,19227.049,648.6518,23.970991
195.5,19276.35,663.1076,32.25472
196.0,19325.65,638.3326,25.88453
196.5,19374.951,616.91,30.589848
197.0,19424.25,594.78375,20.19334
197.5,19473.55,574.9058,22.375849
198.0,19522.852,552.777,23.916574
198.5,19572.15,548.85236,17.392874
199.0,19621.451,674.98083,228.64944
199.5,19670.75,970.86,355.263
200.0,19720.05,995.9966,259.4935
200.5,19769.352,1019.95374,204.67033
201.0,19818.65,950.2666,177.20926
201.5,19867.951,865.5619,130.98433
202.0,19917.252,928.91895,124.039604
202.5,19966.553,920.21094,101.26326
203.0,20015.852,843.12634,142.24117
203.5,20065.152,790.468,122.83872
204.0,20114.451,720.2374,122.78226
204.5,20163.752,703.36707,94.5461
205.0,20213.053,661.58936,104.4801
205.5,20262.352,683.52515,156.24428
206.0,20311.652,583.2944,27.370573
206.5,20360.953,591.0939,27.197668
207.0,20410.252,602.37244,20.621033
207.5,20459.553,637.1448,35.67881
208.0,20508.854,749.9788,85.2698
208.5,20558.154,776.1965,141.0596
209.0,20607.453,980.8873,140.35562
209.5,20656.754,723.5016,210.90656
210.0,20706.055,631.6502685546875,
210.5,20755.354,660.2501220703125,
211.0,20804.654,598.85302734375,
211.5,20853.953,581.5782470703125,
212.0,20903.254,567.100341796875,
212.5,20952.555,553.60614,28.016207
213.0,21001.854,558.3006,26.821302
213.5,21051.154,576.1617,31.744972
214.0,21100.455,576.74384,18.56233
214.5,21149.756,592.2181,23.381737
215.0,21199.055,547.8115844726562,
215.5,21248.355,538.0416259765625,
216.0,21297.654,633.1342163085938,
216.5,21346.955,583.64026,26.593126
217.0,21396.256,581.0203,33.73055
217.5,21445.557,575.17883,36.08161
218.0,21494.855,559.0104,33.781647
218.5,21544.156,552.84247,45.893227
219.0,21593.455,537.59827,21.812891
219.5,21642.756,529.7328,33.38629
220.0,21692.057,525.55774,29.251293
220.5,21741.355,522.40625,20.203411
221.0,21790.656,518.4279,20.828882
221.5,21839.957,506.93735,34.652245
222.0,21889.258,516.15967,21.295765
222.5,21938.557,507.43546,31.15243
223.0,21987.857,521.5651,34.710793
223.5,22037.156,515.85895,48.674145
224.0,22086.457,518.56213,37.335964
224.5,22135.758,520.3831,26.914885
225.0,22185.057,518.80963,23.136436
225.5,22234.357,517.04736,19.719429
226.0,22283.658,508.8981,20.659746
226.5,22332.957,498.48645,26.074263
227.0,22382.258,499.60303,19.806698
227.5,22431.559,498.3281,27.715597
228.0,22480.86,504.7089,24.01583
228.5,22530.158,500.51013,39.674793
229.0,22579.459,505.3498,20.955812
229.5,22628.76,504.4943,23.151016
230.0,22678.059,511.2029,30.868755
230.5,22727.36,508.21262,26.598618
231.0,22776.658,507.89664,21.249754
231.5,22825.959,512.9262,25.00035
232.0,22875.26,523.35376,23.727978
232.5,22924.559,507.88104,44.360485
233.0,22973.86,536.24554,27.354431
233.5,23023.16,539.0513,38.32194
234.0,23072.46,524.7992,30.76454
234.5,23121.76,538.0576,29.916847
235.0,23171.06,537.5718,36.656464
235.5,23220.36,518.27686,22.18238
236.0,23269.66,510.69937,34.059593
236.5,23318.96,509.02576,19.381401
237.0,23368.26,498.73843,31.061152
237.5,23417.56,505.6585,23.05414
238.0,23466.86,500.70447,41.154316
238.5,23516.16,502.44922,22.09306
239.0,23565.46,498.02728,25.967312
239.5,23614.762,504.97446,26.987762
240.0,23664.062,509.95117,27.138205
240.5,23713.361,512.4392,24.317583
241.0,23762.662,521.2474,32.159763
241.5,23811.963,536.9559,26.103003
242.0,23861.262,553.8099,30.34663
242.5,23910.562,545.4868,22.26039
243.0,23959.861,549.93665,22.257078
243.5,24009.162,539.4323,22.152372
244.0,24058.463,553.72485,13.333402
244.5,24107.762,543.8068,19.008724
245.0,24157.062,543.991,26.218138
245.5,24206.363,546.7775,14.3814745
246.0,24255.664,534.6566,25.295465
246.5,24304.963,555.9584,27.064783
247.0,24354.264,585.61774,44.188274
247.5,24403.562,602.25995,40.291977
248.0,24452.863,582.35315,49.610046
248.5,24502.164,581.28174,84.05994
249.0,24551.463,638.99896,46.915714
249.5,24600.764,652.03467,46.000618
250.0,24650.062,672.0028,50.31821
250.5,24699.363,815.9751,136.78297
251.0,24748.664,1079.8326,218.08565
251.5,24797.965,1008.40717,142.92143
252.0,24847.266,920.3196,152.23709
252.5,24896.564,827.2644,171.23349
253.0,24945.865,677.42017,159.07729
253.5,24995.166,694.5347,93.34391
254.0,25044.465,774.0136,115.855804
254.5,25093.766,869.0103,122.4538
255.0,25143.064,861.7473,96.581215
255.5,25192.365,852.14746,174.90573
256.0,25241.666,861.4249,194.7124
256.5,25290.967,874.4238,203.19116
257.0,25340.266,874.9297,195.33574
257.5,25389.566,932.9187,229.74995
258.0,25438.865,913.65344,244.48538
258.5,25488.166,880.7918,346.7614
259.0,25537.467,609.7261,771.7772
259.5,25586.766,560.5959,785.10864
260.0,25636.066,645.2852172851562,
260.5,25685.367,667.3349609375,
261.0,25734.666,671.302978515625,
261.5,25783.967,673.79638671875,
262.0,25833.268,670.5574951171875,
262.5,25882.566,639.218505859375,
263.0,25931.867,636.1754760742188,
263.5,25981.168,642.070556640625,
264.0,26030.467,624.93524,193.12152
264.5,26079.768,605.3008,142.95432
265.0,26129.066,620.9851,161.64961
265.5,26178.367,573.88855,51.514122
266.0,26227.668,556.78656,24.157402
266.5,26276.967,551.56366,27.880674
267.0,26326.268,580.0387,147.35951
267.5,26375.568,614.6584,211.43852
268.0,26424.867,620.85144,207.51714
268.5,26474.168,636.9388,208.23654
269.0,26523.469,607.57227,165.83572
269.5,26572.77,648.93555,231.48285
270.0,26622.068,681.8672,293.81412
270.5,26671.37,719.5795,348.41925
271.0,26720.668,717.21497,348.17035
271.5,26769.97,721.1437,348.1515
272.0,26819.27,704.0624,347.91455
272.5,26868.568,675.7165,317.5035
273.0,26917.871,659.2846,318.0369
273.5,26967.168,619.9037,291.82333
274.0,27016.47,606.5477,257.66135
274.5,27065.771,507.01782,31.636698
275.0,27115.068,509.43643,24.10322
275.5,27164.371,503.8353,22.024986
276.0,27213.67,504.784,21.567156
276.5,27262.97,502.90924,19.252338
277.0,27312.271,506.3935,21.44781
277.5,27361.57,505.99246,24.049122
278.0,27410.871,502.28455,27.67605
278.5,27460.172,502.71667,24.516918
279.0,27509.47,503.9727,23.12155
279.5,27558.771,506.95593,25.511154
280.0,27608.072,507.11496,27.288097
280.5,27657.373,508.20145,36.21379
281.0,27706.672,492.8946,25.389881
281.5,27755.973,485.57108,32.681896
282.0,27805.271,493.1052,17.476315
282.5,27854.572,493.13892,13.340369
283.0,27903.873,492.98062,12.719154
283.5,27953.172,496.03265,22.927303
284.0,28002.473,494.5823,21.699255
284.5,28051.771,498.42236,18.066988
285.0,28101.072,501.57648,19.6079
285.5,28150.373,501.8048,18.893518
286.0,28199.672,500.23334,21.581745
286.5,28248.973,504.1523,18.024393
287.0,28298.273,510.37296,22.149086
287.5,28347.574,516.164,20.164293
288.0,28396.873,522.2767,28.64207
288.5,28446.174,520.3253,29.018003
289.0,28495.473,517.47015,22.3
289.5,28544.773,522.6609,16.130106
290.0,28594.074,523.4588,20.617517
290.5,28643.373,521.3702,17.580147
291.0,28692.674,514.96,16.274752
291.5,28741.977,517.2436,16.384708
292.0,28791.273,514.2038,12.388983
292.5,28840.576,526.95593,17.321968
293.0,28889.873,530.20074,16.781225
293.5,28939.174,532.68915,14.623028
294.0,28988.477,529.6408,12.787432
294.5,29037.775,530.0937,14.531934
295.0,29087.076,530.7134,14.311916
295.5,29136.375,524.13446,48.0673
296.0,29185.676,529.202,14.102357
296.5,29234.977,538.05084,27.636244
297.0,29284.275,542.39026,35.20077
297.5,29333.576,566.75696,36.78772
298.0,29382.877,584.6128,29.3972
298.5,29432.178,599.5612,33.439934
299.0,29481.477,586.3236,16.755474
299.5,29530.777,590.7533,27.000166
300.0,29580.076,606.895,23.171078
300.5,29629.377,688.17584,118.25014
301.0,29678.678,788.17847,116.64905
301.5,29727.977,793.39764,76.597115
302.0,29777.277,807.3626,95.60523
302.5,29826.578,793.36176,84.812256
303.0,29875.877,681.0243,110.96435
303.5,29925.178,653.6876,108.93289
304.0,29974.477,615.23785,93.45289
304.5,30023.777,774.4932,113.6348
305.0,30073.078,640.454,114.50021
305.5,30122.379,620.82404,50.24981
306.0,30171.678,722.54974,155.94543
306.5,30220.979,705.6312,104.305725
307.0,30270.28,677.32367,112.3097
307.5,30319.578,672.4213,104.240845
308.0,30368.879,638.7722,100.480125
308.5,30418.178,633.9351,115.495186
309.0,30467.479,659.8923,148.57913
309.5,30516.78,689.2275,185.27046
310.0,30566.078,712.0399,219.35051
310.5,30615.379,701.86096,213.42644
311.0,30664.678,721.30426,239.54771
311.5,30713.979,745.2736,258.88147
312.0,30763.28,780.4836,276.941
312.5,30812.58,785.6178,283.20505
313.0,30861.879,796.8324,286.91916
313.5,30911.182,851.6395,322.3123
314.0,30960.48,830.4707,308.63788
314.5,31009.78,805.1046,284.2717
315.0,31059.082,774.2336,273.96228
315.5,31108.379,776.4135,295.52893
316.0,31157.682,767.1287,292.4118
316.5,31206.982,773.7692,327.5498
317.0,31256.28,700.59064,281.93906
317.5,31305.582,629.54047,200.28906
318.0,31354.883,579.01636,80.829834
318.5,31404.182,571.67957,82.31092
319.0,31453.482,582.00134,70.70019
319.5,31502.781,578.0726,56.907894
320.0,31552.082,632.4596,169.18
320.5,31601.383,625.7762,167.4196
321.0,31650.682,602.9744,142.06758
321.5,31699.982,656.5791,241.96301
322.0,31749.283,671.8518,281.4028
322.5,31798.582,620.5647,192.30104
323.0,31847.883,643.3863,268.07703
323.5,31897.184,652.31696,282.9185
324.0,31946.482,640.5767,257.4979
324.5,31995.783,667.8896,293.35168
325.0,32045.084,668.4103,287.82806
325.5,32094.383,655.81305,289.5591
326.0,32143.684,627.45905,264.10388
326.5,32192.982,622.68585,259.07413
327.0,32242.283,619.99994,255.95473
327.5,32291.584,621.7159,265.7123
328.0,32340.883,624.9446,267.85864
328.5,32390.184,623.5168,263.56165
329.0,32439.484,632.3332,281.21002
329.5,32488.783,629.5579,277.5364
330.0,32538.084,628.5002,281.98447
330.5,32587.385,619.8505,266.3884
331.0,32636.684,599.772,240.52351
331.5,32685.984,554.3233,47.83176
332.0,32735.285,558.0849,18.68257
332.5,32784.586,559.6746,19.027678
333.0,32833.887,562.81647,18.167273
333.5,32883.188,565.978,14.422497
334.0,32932.484,564.40454,32.415264
334.5,32981.785,562.05975,41.629234
335.0,33031.086,537.7663,22.613398
335.5,33080.387,530.55597,18.459412
336.0,33129.688,525.91833,29.189024
336.5,33178.984,522.58264,17.940456
337.0,33228.285,524.1824,58.33053
337.5,33277.586,517.95844,14.185909
338.0,33326.887,525.2856,28.579727
338.5,33376.188,525.45135,25.281256
339.0,33425.49,520.619,24.75529
339.5,33474.785,514.6781,18.146532
340.0,33524.086,504.33206,16.408382
340.5,33573.387,504.09845,19.621475
341.0,33622.688,502.88895,15.286652
341.5,33671.99,501.37604,18.449598
342.0,33721.285,495.47583,13.252512
342.5,33770.586,494.43777,13.907466
343.0,33819.887,496.08615,11.180097
343.5,33869.188,501.4383,9.363271
344.0,33918.49,505.21704,11.602945
344.5,33967.79,505.38538,13.319388
345.0,34017.086,510.10535,16.276655
345.5,34066.387,516.3617,26.691689
346.0,34115.688,530.80084,26.580317
346.5,34164.99,546.3918,39.85349
347.0,34214.29,540.197,72.533554
347.5,34263.59,537.7828,26.161392
348.0,34312.887,520.63464,27.922626
348.5,34362.188,527.8912,24.226194
349.0,34411.49,538.9327,42.98629
349.5,34460.79,537.04626,21.42911
350.0,34510.09,541.2602,32.020016
350.5,34559.387,539.92694,23.8168
351.0,34608.69,540.1136,18.545061
351.5,34657.992,540.24713,19.640923
352.0,34707.29,538.66766,11.428676
352.5,34756.59,541.63007,11.228107
353.0,34805.89,542.2988,19.019564
353.5,34855.19,537.3651,8.398725
354.0,34904.492,536.90234,14.742467
354.5,34953.79,535.1238,10.647717
355.0,35003.09,539.9694,10.858444
355.5,35052.39,542.29285,10.765925
356.0,35101.69,540.60504,9.364376
356.5,35150.992,547.3957,10.170168
357.0,35200.293,548.4471,10.0662565
357.5,35249.59,549.80664,11.997384
358.0,35298.89,589.3702,25.548937
358.5,35348.19,595.2639,17.411064
359.0,35397.492,591.8724,18.69092
359.5,35446.793,614.5639,36.551697
360.0,35496.094,690.99585,52.76545
360.5,35545.39,824.873,87.423134
361.0,35594.69,771.05536,62.289753
361.5,35643.992,794.795,48.94738
362.0,35693.293,807.5074,35.616306
362.5,35742.594,724.7117,76.81299
363.0,35791.89,838.8439,85.31358
363.5,35841.19,912.0774,84.22204
364.0,35890.492,927.6159,52.395138
364.5,35939.793,897.6297,73.729515
365.0,35989.094,816.3523,83.33231
365.5,36038.395,766.4387,71.63654
366.0,36087.69,714.63763,74.32462
366.5,36136.992,695.1392,72.01377
367.0,36186.293,614.3704833984375,
367.5,36235.594,532.7548,269.78397
368.0,36284.895,749.7664,70.572914
368.5,36334.195,707.13586,80.30998
369.0,36383.492,652.53656,64.50635
369.5,36432.797,629.77765,24.317894
370.0,36482.094,643.9254,27.503317
370.5,36531.395,646.474,23.01792
371.0,36580.695,814.57574,269.51614
371.5,36629.992,959.7139,304.66925
372.0,36679.297,1043.3783,291.76144
372.5,36728.594,1063.4873,284.7942
373.0,36777.895,1059.2106,284.74536
373.5,36827.195,1047.7634,286.48523
374.0,36876.496,1041.0597,288.86526
374.5,36925.797,1021.052,278.65176
375.0,36975.098,990.14355,264.31363
375.5,37024.395,970.7019,255.29753
376.0,37073.695,950.99817,260.08804
376.5,37122.996,928.8818,265.64413
377.0,37172.297,903.9171,270.98038
377.5,37221.598,886.2262,270.9232
378.0,37270.9,855.8208,269.81494
378.5,37320.195,839.2274,271.54697
379.0,37369.496,822.06354,271.4768
379.5,37418.797,800.4582,272.22275
380.0,37468.098,767.4343,260.36203
380.5,37517.4,731.9298,232.86887
381.0,37566.695,698.8276,208.14047
381.5,37615.996,668.21844,178.90486
382.0,37665.297,636.2374,130.36662
382.5,37714.598,595.6673,26.138178
383.0,37763.9,588.1165,35.850746
383.5,37813.2,620.0052,117.69466
384.0,37862.5,661.8864,195.8308
384.5,37911.797,682.65955,239.11078
385.0,37961.098,687.68463,261.736
385.5,38010.4,715.921,306.2517
386.0,38059.7,740.49225,330.92795
386.5,38109.0,748.1826,332.6227
387.0,38158.297,756.40137,331.98904
387.5,38207.598,759.7264,345.62842
388.0,38256.9,759.46735,352.13272
388.5,38306.2,778.3191,371.55408
389.0,38355.5,784.81604,387.90015
389.5,38404.797,812.33923,419.84857
390.0,38454.098,805.9005,417.6534
390.5,38503.402,808.5054,434.26865
391.0,38552.7,789.28,410.46567
391.5,38602.0,730.8559,367.30267
392.0,38651.3,737.22516,374.27637
392.5,38700.598,701.7482,348.04324
393.0,38749.902,671.9005,306.995
393.5,38799.203,628.1107,242.04832
394.0,38848.5,546.72314,34.56565
394.5,38897.8,546.3451,20.758717
395.0,38947.1,554.02405,19.58643
395.5,38996.402,556.4445,27.137163
396.0,39045.703,559.46704,27.943352
396.5,39095.0,555.7014,29.01763
397.0,39144.3,554.35223,25.949413
397.5,39193.6,560.0562,43.775562
398.0,39242.902,555.8286,31.530489
398.5,39292.203,566.2031,29.933811
399.0,39341.5,572.6085,26.582436
399.5,39390.8,579.6254,20.789736
400.0,39440.1,581.26495,46.38178
400.5,39489.402,597.84,35.043457
401.0,39538.703,586.0343,29.679834
401.5,39588.004,564.6962,19.972185
402.0,39637.305,559.18115,44.985546
402.5,39686.6,570.3973,31.61166
403.0,39735.902,570.3712,28.19904
403.5,39785.203,565.7126,26.268522
404.0,39834.504,581.04626,20.628742
404.5,39883.805,589.26184,23.651283
405.0,39933.1,571.2938,28.604086
405.5,39982.402,574.10333,35.270527
406.0,40031.703,577.5854,41.279453
406.5,40081.004,560.6487,50.661865
407.0,40130.305,560.29016,42.389343
407.5,40179.605,576.11554,33.371662
408.0,40228.902,583.0273,38.969673
408.5,40278.203,588.87103,21.73534
409.0,40327.504,591.42535,31.109388
409.5,40376.805,579.31744,28.606358
410.0,40426.105,590.0878,23.548923
410.5,40475.406,579.9236,21.683447
411.0,40524.703,573.78796,16.228497
411.5,40574.008,570.8289,17.492357
412.0,40623.305,574.06665,18.578773
412.5,40672.605,580.4472,17.966501
413.0,40721.906,580.71075,18.43753
413.5,40771.203,582.2866,19.352919
414.0,40820.508,577.3005,21.877527
414.5,40869.805,574.6592,23.006453
415.0,40919.105,584.3748,31.23748
415.5,40968.406,618.8686,38.37408
416.0,41017.707,673.34045,32.10547
416.5,41067.008,662.1055,28.236818
417.0,41116.31,718.30206,53.15757
417.5,41165.605,720.30914,48.215893
418.0,41214.906,993.752,214.78113
418.5,41264.207,982.71063,190.83994
419.0,41313.508,817.9783,169.7798
419.5,41362.81,824.6555,153.50461
420.0,41412.11,821.7567,101.78284
420.5,41461.406,856.2663,84.07341
421.0,41510.707,884.52875,117.03854
421.5,41560.008,929.4028,182.99922
422.0,41609.31,837.0529,217.47598
422.5,41658.61,870.3831,156.18448
423.0,41707.906,984.49164,217.13837
423.5,41757.207,1113.0525,267.79474
424.0,41806.508,1112.8081,318.85864
424.5,41855.81,1265.5088,272.64905
425.0,41905.11,1286.4149,218.8327
425.5,41954.41,1217.4281,244.55695
426.0,42003.707,1201.7343,246.95343
426.5,42053.008,1017.282,251.06023
427.0,42102.31,934.81934,230.78441
427.5,42151.61,931.5865,323.78476
428.0,42200.91,915.58527,311.42123
428.5,42250.21,919.36163,313.70312
429.0,42299.508,861.6646,313.45227
429.5,42348.81,819.9696,329.33273
430.0,42398.11,814.9966,324.46967
430.5,42447.41,785.557,295.2473
431.0,42496.71,767.25934,287.07318
431.5,42546.008,752.4413,272.3409
432.0,42595.31,720.825,257.0049
432.5,42644.613,683.24347,222.99783
433.0,42693.91,641.2129,172.75293
433.5,42743.21,571.2633,44.752953
434.0,42792.51,563.56134,25.769156
434.5,42841.812,556.2169,28.313473
435.0,42891.113,556.1577,22.86011
435.5,42940.41,552.66284,29.242945
436.0,42989.71,552.3096,16.668194
436.5,43039.01,556.2358,19.150398
437.0,43088.312,556.7047,18.418993
437.5,43137.613,544.6495,18.699354
438.0,43186.914,535.5666,19.321795
438.5,43236.21,534.8078,23.260685
439.0,43285.51,534.30597,17.823328
439.5,43334.812,529.5592,22.51182
440.0,43384.113,535.142,23.810514
440.5,43433.414,527.3231,16.80034
441.0,43482.715,523.21466,19.351591
441.5,43532.01,521.0437,16.398388
442.0,43581.312,528.7704,25.120584
442.5,43630.613,528.05383,26.071278
443.0,43679.914,523.605,14.23468
443.5,43729.215,523.92944,13.806026
444.0,43778.51,534.48706,33.15957
444.5,43827.812,523.03314,10.908174
445.0,43877.113,522.9743,12.053002
445.5,43926.414,522.61285,12.701037
446.0,43975.715,518.91785,16.593397
446.5,44025.016,524.1738,12.770123
447.0,44074.312,524.76794,17.491913
447.5,44123.613,522.80133,21.035137
448.0,44172.914,520.6373,19.083143
448.5,44222.215,510.10233,25.618475
449.0,44271.516,531.8218,55.91246
449.5,44320.812,546.8126,54.997482
450.0,44370.113,558.93976,44.19301
450.5,44419.414,593.496,63.517464
451.0,44468.715,566.5205,47.254333
451.5,44518.016,556.71185,31.268517
452.0,44567.316,545.03766,20.992975
452.5,44616.617,548.7603,22.926104
453.0,44665.914,553.84216,24.431795
453.5,44715.215,567.97394,23.03918
454.0,44764.516,579.8783,19.675398
454.5,44813.816,576.51733,41.917194
455.0,44863.117,565.91223,21.2341
455.5,44912.414,566.0161,25.179222
456.0,44961.72,564.173,23.04178
456.5,45011.02,581.73303,31.207602
457.0,45060.316,703.29834,84.78089
457.5,45109.617,677.12103,43.727352
458.0,45158.914,631.30035,42.111694
458.5,45208.22,593.25964,32.05488
459.0,45257.52,853.04675,290.93802
459.5,45306.816,952.37885,274.37274
460.0,45356.117,805.0436,211.78833
460.5,45405.418,883.73566,211.9115
461.0,45454.72,943.9596,146.26143
461.5,45504.02,786.4377,252.63718
462.0,45553.316,742.67535,237.58054
462.5,45602.617,651.25446,125.14395
463.0,45651.918,618.9119,24.357811
463.5,45701.22,603.6051,30.00096
464.0,45750.52,591.17993,34.282898
464.5,45799.82,595.07574,21.74704
465.0,45849.117,607.1947,26.21726
465.5,45898.418,610.52466,26.095934
466.0,45947.72,616.68463,19.420284
466.5,45997.02,615.49677,20.760971
467.0,46046.32,628.9606,95.434875
467.5,46095.62,630.95294,62.5356
468.0,46144.918,633.85126,62.95308
468.5,46194.22,631.0811,50.88978
469.0,46243.52,624.66486,42.131775
469.5,46292.82,620.45074,44.388714
470.0,46342.12,627.4006,59.037712
470.5,46391.42,627.74457,61.747753
471.0,46440.72,623.3662,58.31254
471.5,46490.02,618.56305,52.976402
472.0,46539.32,610.2618,59.48038
472.5,46588.62,603.2637,52.673843
473.0,46637.92,607.42993,58.242565
473.5,46687.22,591.11096,52.439747
474.0,46736.52,584.1495,47.215767
474.5,46785.824,579.35834,46.32715
475.0,46835.12,573.6763,46.33068
475.5,46884.42,578.0107,54.60226
476.0,46933.723,577.218,58.485355
476.5,46983.02,576.8842,53.352577
477.0,47032.324,574.7119,49.984474
477.5,47081.62,573.4834,49.71416
478.0,47130.92,569.30444,46.15669
478.5,47180.223,571.4677,46.025017
479.0,47229.523,569.5658,44.93006
479.5,47278.824,573.3229,45.884212
480.0,47328.125,575.0169,49.100582
480.5,47377.42,579.86334,56.245975
481.0,47426.723,593.57684,63.374302
481.5,47476.023,603.4346,65.256775
482.0,47525.324,583.77905,57.951336
482.5,47574.625,579.76337,51.600327
483.0,47623.926,582.7437,57.557312
483.5,47673.223,598.8832,56.181717
484.0,47722.523,592.04425,57.984146
484.5,47771.824,592.67694,57.66548
485.0,47821.125,568.57416,138.04784
485.5,47870.426,586.289,65.50908
486.0,47919.723,588.1126,58.331356
486.5,47969.023,578.5097,51.088894
487.0,48018.324,572.98126,52.91828
487.5,48067.625,575.0655,55.210518
488.0,48116.926,572.1687,54.299633
488.5,48166.227,579.0545,51.184566
489.0,48215.523,570.6505,47.347515
489.5,48264.824,569.3332,45.840103
490.0,48314.125,569.3349,46.69802
490.5,48363.426,567.1178,46.948883
491.0,48412.727,569.94867,45.619568
491.5,48462.023,565.1468,47.00286
492.0,48511.324,554.4238,41.217426
492.5,48560.625,548.51514,42.092033
493.0,48609.926,547.7571,44.203495
493.5,48659.227,544.9606,43.759026
494.0,48708.527,539.5628,42.028454
494.5,48757.824,537.8386,42.96002
495.0,48807.125,541.1375,42.103157
495.5,48856.426,532.1295,43.663048
496.0,48905.727,549.15027,47.59044
496.5,48955.027,540.13055,42.84014
497.0,49004.33,557.1915,42.03892
497.5,49053.625,571.2954,39.081604
498.0,49102.926,591.0429,42.211758
498.5,49152.227,599.40106,44.664963
499.0,49201.527,616.22675,68.29088
499.5,49250.83,608.5591,47.91845
500.0,49300.125,629.2762,54.868893
500.5,49349.426,628.1802,50.46579
501.0,49398.73,631.67224,44.55958
501.5,49448.027,635.549,48.681824
502.0,49497.33,635.36316,48.80799
502.5,49546.63,626.7929,49.860962
503.0,49595.93,639.1412,61.499733
503.5,49645.23,747.779,64.567505
504.0,49694.527,748.2019,53.622166
504.5,49743.83,682.9093,64.21339
505.0,49793.13,691.40485,98.59483
505.5,49842.43,673.66394,55.413307
506.0,49891.73,699.0334,46.836926
506.5,49941.03,691.58795,48.470165
507.0,49990.332,709.3476,67.69994
507.5,50039.63,739.4031,92.79804
508.0,50088.93,744.9615,83.05127
508.5,50138.23,748.7155,92.128944
509.0,50187.53,749.8817,79.42017
509.5,50236.832,753.7423,73.0648
510.0,50286.13,746.5917,81.17494
510.5,50335.43,711.06696,114.764366
511.0,50384.73,696.79443,116.645966
511.5,50434.03,656.75165,51.312473
512.0,50483.332,860.84485,90.04567
512.5,50532.633,734.324,66.34953
513.0,50581.934,717.9877,47.4721
513.5,50631.23,718.40674,42.919174
514.0,50680.53,737.1414,45.30957
514.5,50729.832,1026.9507,175.59839
515.0,50779.133,1201.55,221.74432
515.5,50828.434,1216.3558,188.67314
516.0,50877.73,1209.8962,215.54306
516.5,50927.03,1149.0709,220.0137
517.0,50976.332,1082.9357,244.51549
517.5,51025.633,1024.1375,252.32889
518.0,51074.934,946.8311767578125,
518.5,51124.234,957.0401611328125,
519.0,51173.53,1262.5651,96.5705
519.5,51222.832,1246.6283,102.05432
520.0,51272.133,1255.419,79.70513
520.5,51321.434,1249.4132,70.77259
521.0,51370.734,1228.499,68.43151
521.5,51420.035,1220.1512,99.358154
522.0,51469.332,1223.4791,112.39421
522.5,51518.633,1223.9016,118.308945
523.0,51567.934,1170.0566,130.69691
523.5,51617.234,1221.0293,130.2059
524.0,51666.535,1212.0054,173.30942
524.5,51715.832,1247.1091,192.73174
525.0,51765.133,1281.3298,226.54483
525.5,51814.434,1300.3074,256.75278
526.0,51863.734,1335.776,229.34502
526.5,51913.035,1333.3721,246.74622
527.0,51962.336,1363.7994,248.74094
527.5,52011.633,1351.4972,273.04388
528.0,52060.934,1353.3192,305.36957
528.5,52110.234,1128.6797,611.7167
529.0,52159.535,1145.6013,351.128
529.5,52208.836,1020.7906,360.7123
530.0,52258.133,958.6874,398.36404
530.5,52307.434,862.38226,373.44684
531.0,52356.734,786.79535,320.63995
531.5,52406.035,670.63556,209.72743
532.0,52455.336,612.12415,23.348354
532.5,52504.637,616.9532,24.54268
533.0,52553.934,617.2396,22.999792
533.5,52603.234,615.9721,24.452612
534.0,52652.535,613.3782,31.97541
534.5,52701.836,605.13525,22.841793
535.0,52751.137,600.2369,19.21919
535.5,52800.438,603.29376,21.14583
536.0,52849.734,606.12427,21.183872
536.5,52899.035,607.42035,23.658329
537.0,52948.336,604.04706,24.59721
537.5,52997.637,597.6678,21.106394
538.0,53046.94,595.51215,20.87373
538.5,53096.234,592.89355,14.549051
539.0,53145.535,595.69354,25.380098
539.5,53194.836,591.4834,14.140131
540.0,53244.137,593.534,20.953697
540.5,53293.44,591.926,17.116175
541.0,53342.74,593.9393,13.030955
541.5,53392.035,599.4686,15.311605
542.0,53441.336,601.2248,16.161798
542.5,53490.637,608.1515,22.4599
543.0,53539.94,604.5827,20.633131
543.5,53589.242,606.5216,18.013294
544.0,53638.54,614.9672,21.989271
544.5,53687.836,616.2594,20.35761
545.0,53737.137,607.50714,16.253925
545.5,53786.44,609.04333,18.973005
546.0,53835.742,606.2631,18.010965
546.5,53885.043,619.4872,16.29044
547.0,53934.336,634.95447,18.954025
547.5,53983.637,615.2046,13.936395
548.0,54032.94,618.7844,29.84656
548.5,54082.242,610.1559,16.745869
549.0,54131.543,612.27844,17.53731
549.5,54180.84,620.01196,16.385296
550.0,54230.137,646.62317,19.307951
550.5,54279.44,635.5328,21.064215
551.0,54328.742,615.53033,15.518151
551.5,54378.043,626.17346,44.658447
552.0,54427.34,626.2365,20.452492
552.5,54476.64,634.85583,24.603987
553.0,54525.94,630.58374,22.467041
553.5,54575.242,619.74664,20.130705
554.0,54624.543,683.703,16.877687
554.5,54673.844,644.8873,22.008747
555.0,54723.145,893.22974,66.69137
555.5,54772.44,1055.3502,200.4451
556.0,54821.742,813.189697265625,
556.5,54871.043,857.308837890625,
557.0,54920.344,935.6182250976562,
557.5,54969.645,977.5660400390625,
558.0,55018.94,869.15869140625,
558.5,55068.242,800.7444458007812,
559.0,55117.543,712.4638671875,
559.5,55166.844,641.4744873046875,
560.0,55216.145,638.7586669921875,
560.5,55265.44,630.7915649414062,
561.0,55314.742,640.24744,21.925472
561.5,55364.043,634.9927,26.572083
562.0,55413.344,622.4697,23.558132
562.5,55462.645,624.8902,21.394024
563.0,55511.945,626.9602,22.48555
563.5,55561.246,624.3234,29.982464
564.0,55610.543,646.1782,24.942726
564.5,55659.844,657.3106,26.389824
565.0,55709.145,646.2933,18.94143
565.5,55758.445,645.81464,20.189178
566.0,55807.746,660.8746,48.957478
566.5,55857.043,632.64575,26.691917
567.0,55906.344,637.522,27.25478
567.5,55955.645,637.3262,26.209436
568.0,56004.945,635.3235,17.469185
568.5,56054.246,637.5765,18.958815
569.0,56103.543,626.6676,31.492
569.5,56152.844,629.332,27.604097
570.0,56202.145,624.7148,28.033527
570.5,56251.445,622.5705,25.492826
571.0,56300.746,626.4877,20.90625
571.5,56350.047,632.65576,25.473244
572.0,56399.348,655.767,56.39612
572.5,56448.645,635.9294,32.00302
573.0,56497.945,636.6961,40.97814
573.5,56547.246,637.9887,38.901054
574.0,56596.547,639.80457,50.73226
574.5,56645.848,631.327,34.585655
575.0,56695.145,624.3933,34.038242
575.5,56744.445,633.6971,29.022877
576.0,56793.746,630.2381,22.511786
576.5,56843.047,641.2944,24.475208
577.0,56892.348,643.3847,28.713228
577.5,56941.65,644.1077,30.333614
578.0,56990.945,654.11646,21.980677
578.5,57040.246,665.45416,54.020527
579.0,57089.547,642.93146,24.888731
579.5,57138.848,658.78046,34.73175
580.0,57188.15,657.53925,19.470076
580.5,57237.445,665.3404,34.236614
581.0,57286.746,666.7552,33.66632
581.5,57336.047,655.92255,24.401567
582.0,57385.348,661.60657,18.610891
582.5,57434.652,685.505,16.678888
583.0,57483.953,683.7067,20.497612
583.5,57533.246,777.9033,66.14832
584.0,57582.547,1255.9681,236.11882
584.5,57631.848,977.785400390625,
585.0,57681.152,925.5867919921875,
585.5,57730.453,927.152099609375,
586.0,57779.75,914.9207763671875,
586.5,57829.047,956.880615234375,
587.0,57878.348,780.6072998046875,
587.5,57927.652,718.2239379882812,
588.0,57976.953,697.1220703125,
588.5,58026.25,678.7329711914062,
589.0,58075.547,615.4865,27.555004
589.5,58124.848,609.89667,20.853695
590.0,58174.152,597.41876,25.268877
590.5,58223.453,588.3939,24.87254
591.0,58272.754,581.33093,25.755062
591.5,58322.047,579.6162,17.697329
592.0,58371.348,578.10535,17.920238
592.5,58420.652,583.3287,17.736645
593.0,58469.953,584.63654,27.878054
593.5,58519.254,584.1044,19.29211
594.0,58568.555,581.7022,17.712608
594.5,58617.85,590.19574,25.550764
595.0,58667.152,586.75287,30.834877
595.5,58716.453,584.3064,17.329994
596.0,58765.754,588.8696,26.862438
596.5,58815.055,586.51227,19.823055
597.0,58864.35,593.531,26.388865
597.5,58913.652,591.577,16.197289
598.0,58962.953,599.3055,18.499231
598.5,59012.254,605.2601,18.04527
599.0,59061.555,615.7491,32.875427
599.5,59110.855,631.7076,95.26261
600.0,59160.152,614.5232,28.914915
600.5,59209.453,602.35614,21.243057
601.0,59258.754,599.45996,17.314222
601.5,59308.055,605.93414,23.868965
602.0,59357.355,604.6376,26.082537
602.5,59406.652,608.5925,28.764605
603.0,59455.953,600.6328,20.447252
603.5,59505.254,601.64014,25.097326
604.0,59554.555,606.9894,26.350992
604.5,59603.855,607.20044,22.563137
605.0,59653.156,607.6021,23.70614
605.5,59702.457,610.49146,29.462074
606.0,59751.754,609.5991,22.932745
606.5,59801.055,610.29553,18.968855
607.0,59850.355,617.571,17.382067
607.5,59899.656,616.9755,34.95177
608.0,59948.957,625.3365,30.25473
608.5,59998.254,628.3759,24.05743
609.0,60047.555,633.40533,26.24456
609.5,60096.855,636.59906,25.090635
610.0,60146.156,629.3305,33.80856
610.5,60195.457,655.29474,45.916386
611.0,60244.754,639.4385,31.571802
611.5,60294.055,644.6959,67.70405
612.0,60343.355,637.3094,30.75639
612.5,60392.656,669.8179,32.75129
613.0,60441.957,683.0328,64.22733
613.5,60491.258,695.4794,62.226524
614.0,60540.56,715.92664,66.56711
614.5,60589.855,768.2991,171.55026
615.0,60639.156,851.21985,304.7949
615.5,60688.457,908.0763,354.21768
616.0,60737.758,953.07513,358.08783
616.5,60787.06,903.96387,341.7341
617.0,60836.355,844.91864,341.2489
617.5,60885.656,847.0377,364.4481
618.0,60934.957,824.1273,351.0889
618.5,60984.258,801.88727,321.34302
619.0,61033.56,786.9815,305.29196
619.5,61082.855,753.84814,264.7463
620.0,61132.156,706.3184,209.99466
620.5,61181.457,677.8798,147.85509
621.0,61230.758,647.3903,69.223175
621.5,61280.06,640.2112,48.768772
622.0,61329.36,639.85815,48.35929
622.5,61378.66,640.92773,49.89266
623.0,61427.957,639.87506,44.601665
623.5,61477.258,639.5676,45.40929
624.0,61526.56,641.88226,41.500378
624.5,61575.863,636.1316,43.81709
625.0,61625.16,629.9121,39.373035
625.5,61674.457,629.58606,38.088226
626.0,61723.758,631.34534,36.753212
626.5,61773.06,632.6805,35.90016
627.0,61822.363,632.579,35.805595
627.5,61871.664,630.3507,38.532417
628.0,61920.957,631.6708,47.40628
628.5,61970.258,624.5522,89.46197
629.0,62019.56,621.9121,85.01273
629.5,62068.863,631.8984,47.434647
630.0,62118.164,638.23596,42.38747
630.5,62167.46,638.6713,56.424946
631.0,62216.758,680.598,189.22484
631.5,62266.06,849.9849853515625,
632.0,62315.363,824.1871337890625,
632.5,62364.664,847.191162109375,
633.0,62413.965,1023.74176,376.9244
633.5,62463.26,1013.8141,400.2225
634.0,62512.56,1060.5894,412.93774
634.5,62561.863,1060.3555,423.9918
635.0,62611.164,1068.9619,426.65192
635.5,62660.465,1093.0575,443.54944
636.0,62709.766,1090.4233,445.50183
636.5,62759.06,1090.2115,443.59116
637.0,62808.363,1109.8173,443.81107
637.5,62857.664,1035.8259,421.4997
638.0,62906.965,1053.2949,454.74817
638.5,62956.266,1049.2762,460.36053
639.0,63005.562,1020.6075,466.41495
639.5,63054.863,716.82416,281.7617
640.0,63104.164,586.5331,46.68117
640.5,63153.465,576.5214,69.010056
641.0,63202.766,567.6811,155.15685
641.5,63252.066,564.0035,197.8885
642.0,63301.363,565.8068,235.1201
642.5,63350.664,565.8792,237.01407
643.0,63399.965,567.141,263.15482
643.5,63449.266,588.25037,248.15903
644.0,63498.566,592.6926,248.20691
644.5,63547.867,596.1438,245.79796
645.0,63597.164,594.7268,224.91748
645.5,63646.465,611.2478,254.60359
646.0,63695.766,599.23615,200.72572
646.5,63745.066,596.6327,224.59729
647.0,63794.367,606.4625,238.80417
647.5,63843.664,615.0505,207.98415
648.0,63892.965,610.8545,246.9921
648.5,63942.266,597.64703,210.58511
649.0,63991.566,607.4805,208.77037
649.5,64040.867,667.31256,272.69107
650.0,64090.168,623.8029,209.4186
650.5,64139.465,604.0263,201.39926
651.0,64188.766,636.7883,193.11707
651.5,64238.066,626.92487,157.16092
652.0,64287.367,636.6968,149.72685
652.5,64336.668,892.8859,296.99335
653.0,64385.965,1140.1711,223.12025
653.5,64435.266,975.62115,385.0592
654.0,64484.566,785.39435,328.39572
654.5,64533.867,999.5411987304688,
655.0,64583.168,1028.8095703125,
655.5,64632.47,884.6041259765625,
656.0,64681.766,765.0791015625,
656.5,64731.066,709.1275634765625,
657.0,64780.367,687.0841064453125,
657.5,64829.668,680.2327270507812,
658.0,64878.97,686.40771484375,
658.5,64928.27,678.3485717773438,
659.0,64977.566,674.2875366210938,
659.5,65026.867,620.3329,136.37318
660.0,65076.168,611.5305,119.77918
660.5,65125.47,609.7225,89.7906
661.0,65174.77,598.66565,97.312965
661.5,65224.066,604.4418,33.146423
662.0,65273.367,603.97473,28.076189
662.5,65322.668,597.8921,17.560596
663.0,65371.97,601.03485,18.474379
663.5,65421.27,604.68866,14.824353
664.0,65470.57,603.363,18.507175
664.5,65519.867,603.03595,19.251987
665.0,65569.17,603.9229,21.066446
665.5,65618.47,595.3155,19.335932
666.0,65667.77,592.21014,18.853485
666.5,65717.07,593.8998,19.667982
667.0,65766.375,591.5432,18.41767
667.5,65815.67,598.818,18.727255
668.0,65864.97,590.565,17.015917
668.5,65914.27,589.9453,18.850954
669.0,65963.57,585.10974,17.937933
669.5,66012.875,590.5629,23.793892
670.0,66062.17,605.985,26.526741
670.5,66111.47,611.29834,18.668806
671.0,66160.77,623.2749,29.449503
671.5,66210.07,622.438,24.793442
672.0,66259.375,627.1339,26.76365
672.5,66308.67,627.5489,33.39586
673.0,66357.97,629.84717,40.351475
673.5,66407.27,628.37646,21.541397
674.0,66456.57,634.0064,21.57211
674.5,66505.875,638.1933,22.984852
675.0,66555.17,642.1174,50.070366
675.5,66604.48,646.6765,63.44809
676.0,66653.77,661.56384,39.10901
676.5,66703.07,663.4212,44.222687
677.0,66752.375,668.5619,55.206413
677.5,66801.67,671.04706,53.71299
678.0,66850.98,670.4195,62.279144
678.5,66900.27,669.8452,57.923183
679.0,66949.57,655.738,24.788101
679.5,66998.875,656.1097,29.226849
680.0,67048.17,661.8705,36.99421
680.5,67097.48,658.36755,35.4644
681.0,67146.77,652.14905,33.041
681.5,67196.07,663.4457,41.397438
682.0,67245.375,661.4004,40.437706
682.5,67294.67,674.83105,40.177486
683.0,67343.98,705.8849,77.321724
683.5,67393.27,680.45734,44.785187
684.0,67442.57,668.5003,33.127758
684.5,67491.875,675.01044,30.221952
685.0,67541.17,699.61084,48.22932
685.5,67590.48,715.42725,51.13555
686.0,67639.77,723.6841,45.083103
686.5,67689.08,737.8485,49.13736
687.0,67738.375,745.01056,45.569195
687.5,67787.67,753.08856,84.531105
688.0,67836.98,991.1676,131.57928
688.5,67886.27,1252.09,73.487915
689.0,67935.58,1396.9362,88.09378
689.5,67984.875,1218.912,112.49415
690.0,68034.17,1096.2328,113.61496
690.5,68083.48,1310.673,56.713825
691.0,68132.77,1298.3541,50.835552
691.5,68182.08,1221.7224,76.47123
692.0,68231.375,1001.2756,61.67067
692.5,68280.67,1166.6113,74.34695
693.0,68329.98,1139.2429,79.60263
693.5,68379.27,1323.8037,53.8852
694.0,68428.58,1330.9956,37.461376
694.5,68477.88,1402.0791,41.490597
695.0,68527.17,1356.7451,97.3476
695.5,68576.48,1409.0674,127.593475
696.0,68625.77,1395.7637,78.17125
696.5,68675.08,1399.7366,75.102234
697.0,68724.38,1423.7318,78.66639
697.5,68773.68,1418.5575,60.990166
698.0,68822.98,1385.337,85.8186
698.5,68872.27,1350.1674,86.75508
699.0,68921.58,1335.2158,68.677444
699.5,68970.88,1361.1819,74.60374
700.0,69020.18,1385.3938,67.7173
700.5,69069.48,1375.567,56.51435
701.0,69118.77,1437.0645,103.52153
701.5,69168.08,1405.9819,62.59103
702.0,69217.38,1414.0496,52.535587
702.5,69266.68,1477.9375,53.126816
703.0,69315.984,1344.1124,50.07563
703.5,69365.27,1405.1875,36.759457
704.0,69414.58,1516.5415,60.915012
704.5,69463.88,1401.8285,86.46275
705.0,69513.18,1386.6028,90.67847
705.5,69562.484,1340.7428,114.37805
706.0,69611.78,1347.1129,127.96731
706.5,69661.08,1250.2284,123.59737
707.0,69710.38,1202.7844,230.39952
707.5,69759.68,1102.9849,354.61703
708.0,69808.984,944.4758,310.80148
708.5,69858.28,896.0918,307.00882
709.0,69907.58,644.93726,27.198458
709.5,69956.88,639.2506,22.620592
710.0,70006.18,643.31946,22.014057
710.5,70055.484,638.60046,27.912195
711.0,70104.78,628.0323,24.28586
711.5,70154.086,624.6504,22.41074
712.0,70203.38,629.0273,17.227097
712.5,70252.68,633.1885,17.956654
713.0,70301.984,631.0609,18.505987
713.5,70351.28,636.01263,19.665382
714.0,70400.586,644.12366,23.02204
714.5,70449.88,648.49524,20.744387
715.0,70499.18,656.63165,22.532373
715.5,70548.484,658.82855,20.946512
716.0,70597.78,656.14636,20.858694
716.5,70647.086,660.5709,18.062782
717.0,70696.38,659.52466,17.3069
717.5,70745.68,661.2713,18.43967
718.0,70794.984,663.95435,22.501328
718.5,70844.28,672.684,20.168549
719.0,70893.586,675.14764,31.278034
719.5,70942.88,686.20776,24.729399
720.0,70992.19,685.7159,21.49482
720.5,71041.484,684.78674,30.14835
721.0,71090.78,684.3768,18.16536
721.5,71140.086,691.1191,15.835899
722.0,71189.38,695.7713,17.835032
722.5,71238.69,702.357,45.156128
723.0,71287.984,701.29755,19.362938
723.5,71337.28,704.8121,17.322115
724.0,71386.586,708.51276,42.120262
724.5,71435.88,701.5369,14.612496
725.0,71485.19,702.0826,18.205933
725.5,71534.484,701.3464,19.499147
726.0,71583.78,703.597,22.266016
726.5,71633.086,703.7105,15.535019
727.0,71682.38,704.7536,14.925954
727.5,71731.69,705.9238,14.785031
728.0,71780.984,698.35,15.546274
728.5,71830.29,699.04315,15.952942
729.0,71879.586,696.2907,18.022842
729.5,71928.88,705.6568,51.182064
730.0,71978.19,748.7264,40.40956
730.5,72027.484,703.97784,16.529997
731.0,72076.79,702.4266,24.617855
731.5,72126.086,700.2936,21.724977
732.0,72175.38,726.49066,23.775959
732.5,72224.69,689.78424,15.211034
733.0,72273.984,750.9773,94.88277
733.5,72323.29,699.4227,25.828897
734.0,72372.586,701.9288,17.550303
734.5,72421.88,750.0292,54.738995
735.0,72471.19,708.72473,15.147448
735.5,72520.484,798.6365,60.692825
736.0,72569.79,734.5295,13.213366
736.5,72619.086,815.5456,46.246815
737.0,72668.39,744.93964,23.157946
737.5,72717.69,819.18317,93.78385
738.0,72766.984,797.1576,67.19314
738.5,72816.29,767.6617,27.284956
739.0,72865.59,997.4355,168.9205
739.5,72914.89,1032.5656,167.24379
740.0,72964.19,910.1514,133.87482
740.5,73013.484,850.56116,52.669384
741.0,73062.79,1084.8713,132.18828
741.5,73112.09,1085.119,159.07793
742.0,73161.39,1021.0857,159.94731
742.5,73210.69,1034.1564,101.31479
743.0,73259.984,965.9398,80.76071
743.5,73309.29,1119.3804,91.27027
744.0,73358.59,1023.83887,115.857506
744.5,73407.89,937.0043,101.617325
745.0,73457.195,932.297,66.96172
745.5,73506.484,974.8729,142.58754
746.0,73555.79,760.5569,22.945732
746.5,73605.09,911.168701171875,
747.0,73654.39,844.7109375,
747.5,73703.695,828.8779296875,
748.0,73752.99,831.141357421875,
748.5,73802.29,816.0908813476562,
749.0,73851.59,824.6198120117188,
749.5,73900.89,852.955810546875,
750.0,73950.195,943.9342041015625,
750.5,73999.49,962.4234619140625,
751.0,74048.79,1010.2765,173.88527
751.5,74098.09,1099.9604,110.24388
752.0,74147.39,1194.2827,346.1998
752.5,74196.695,978.3847,363.74738
753.0,74245.99,688.00696,200.19476
753.5,74295.3,689.08575,177.96738
754.0,74344.59,710.20105,195.30637
754.5,74393.89,750.34045,170.05675
755.0,74443.195,755.60364,205.38637
755.5,74492.49,753.37756,162.77357
756.0,74541.8,744.88556,163.02351
756.5,74591.09,751.1346,133.67445
757.0,74640.39,752.77673,138.11029
757.5,74689.695,755.81146,144.87749
758.0,74738.99,758.9726,142.51286
758.5,74788.3,770.4163,145.31027
759.0,74837.59,776.2288,146.55989
759.5,74886.89,784.8633,154.36963
760.0,74936.195,786.9148,159.46826
760.5,74985.49,781.12317,170.32884
761.0,75034.8,799.2268,183.01454
761.5,75084.09,794.51105,187.83975
762.0,75133.4,789.98956,180.06216
762.5,75182.695,782.22516,190.47446
763.0,75231.99,774.506,237.36824
763.5,75281.3,814.5394,188.49278
764.0,75330.59,821.1955,181.6192
764.5,75379.9,854.0357,140.31598
765.0,75429.195,863.5493,107.83777
765.5,75478.49,877.2383,70.1488
766.0,75527.8,863.93616,61.868073
766.5,75577.09,890.34015,48.14653
767.0,75626.4,884.61975,45.204006
767.5,75675.695,888.7027,48.092907
768.0,75724.99,874.2763,30.792784
768.5,75774.3,870.8545,36.766006
769.0,75823.59,884.0229,34.904945
769.5,75872.9,886.38983,36.64739
770.0,75922.195,869.8475,17.982111
770.5,75971.5,899.5385,28.721031
771.0,76020.8,880.1504,136.36649
771.5,76070.09,826.4999,89.49165
772.0,76119.4,764.6547,136.02876
772.5,76168.695,878.89246,147.1025
773.0,76218.0,948.6397,153.84785
773.5,76267.3,860.28516,164.02008
774.0,76316.59,725.7796,156.926
774.5,76365.9,857.13696,116.22977
775.0,76415.195,738.7856,144.0789
775.5,76464.5,721.0431,145.38475
776.0,76513.8,685.53033,121.35158
776.5,76563.09,803.7472,123.8872
777.0,76612.4,852.54,104.29406
777.5,76661.695,874.60944,128.91107
778.0,76711.0,791.15356,193.8256
778.5,76760.3,766.81506,156.80083
779.0,76809.6,759.6621,125.10779
779.5,76858.9,791.30975,168.88571
780.0,76908.195,829.9959,187.25565
780.5,76957.5,791.91046,171.88057
781.0,77006.805,848.2713,182.04643
781.5,77056.1,821.4962,184.10127
782.0,77105.4,823.32025,165.53088
782.5,77154.695,934.24835,147.82622
783.0,77204.0,578.8334,291.59042
