SB_DEPTH_cm,SECT_NUM_cm,SECT_DEPTH_cm,CORE_THICK_cm,PWAmp,PWVel_m/s,Den_gm/cc,MS,Imp,FP
1.0,1.0,1.0,11.338,14.0,1069.853515625,1.3257604837417603,48.849525451660156,,
1.5,1.0,1.5,11.3375,13.5,1070.0870361328125,1.3211379051208496,53.217315673828125,,
2.0,1.0,2.0,11.337,13.0,1069.992431640625,1.2825,53.46592712402344,,0.8512
2.5,1.0,2.5,11.330999,13.5,1069.9892578125,1.28035,53.969482421875,,0.85245
3.0,1.0,3.0,11.325,14.0,1070.132568359375,1.2782,43.5646,1401.293,0.8537
3.5,1.0,3.5,11.278,11.0,1069.7083740234375,1.3158,44.7612,1435.6375,0.8319
4.0,1.0,4.0,11.231,8.0,1069.586181640625,1.3534,45.9578,1469.982,0.8101
4.5,1.0,4.5,11.2225,11.5,1069.541748046875,1.36205,47.66375,1478.63,0.8051
5.0,1.0,5.0,11.214,15.0,1069.628662109375,1.3707,49.3697,1487.278,0.8001
5.5,1.0,5.5,11.215,14.5,1069.625732421875,1.3618,50.5054,1478.12,0.80525005
6.0,1.0,6.0,11.216,14.0,1069.7484130859375,1.3529,51.6411,1468.962,0.8104
6.5,1.0,6.5,11.133499,13.5,1069.7764892578125,1.3735499,51.95465,1479.8716,0.79840004
7.0,1.0,7.0,11.051,13.0,1069.473876953125,1.3942,52.2682,1490.781,0.7864
7.5,1.0,7.5,11.0475,14.0,1069.52734375,1.39445,51.74915,1490.5745,0.78625
8.0,1.0,8.0,11.044,15.0,1068.602,1.3947,51.2301,1490.368,0.7861
8.5,1.0,8.5,11.045,16.5,1068.44,1.3371501,52.30535,1428.6941,0.81949997
9.0,1.0,9.0,11.046,18.0,1068.278,1.2796,53.3806,1367.02,0.8529
9.5,1.0,9.5,11.046499,14.5,1069.362,1.25675,53.4196,1343.9236,0.86615
10.0,1.0,10.0,11.047,11.0,1070.446,1.2339,53.4586,1320.827,0.8794
10.5,1.0,10.5,11.048,12.5,1070.0245,1.2502999,53.0593,1337.846,0.8699
11.0,1.0,11.0,11.049,14.0,1069.603,1.2667,52.66,1354.865,0.8604
11.5,1.0,11.5,11.0505,12.5,1069.4895,1.28385,52.2431,1373.0825,0.85045004
12.0,1.0,12.0,11.052,11.0,1069.376,1.301,51.8262,1391.3,0.8405
12.5,1.0,12.5,11.0505,13.0,1069.7485,1.3241999,51.2425,1416.5691,0.82705
13.0,1.0,13.0,11.049,15.0,1070.121,1.3474,50.6588,1441.838,0.8136
13.5,1.0,13.5,11.049999,15.0,1069.4414,1.34905,50.0098,1442.6904,0.81264997
14.0,1.0,14.0,11.051,15.0,1068.762,1.3507,49.3608,1443.543,0.8117
14.5,1.0,14.5,11.052,15.0,1070.154,1.37485,47.38875,1471.2991,0.7977
15.0,1.0,15.0,11.053,15.0,1071.546,1.399,45.4167,1499.055,0.7837
15.5,1.0,15.5,11.0535,16.0,1070.5575,1.32955,46.06785,1423.4275,0.82395
16.0,1.0,16.0,11.054,17.0,1069.569,1.2601,46.719,1347.8,0.8642
16.5,1.0,16.5,11.054501,15.5,1069.6174,1.2444999,45.731552,1331.1421,0.87325
17.0,1.0,17.0,11.055,14.0,1069.666,1.2289,44.7441,1314.484,0.8823
17.5,1.0,17.5,11.054501,14.5,1069.6174,1.23065,44.371,1316.3275,0.8813
18.0,1.0,18.0,11.054,15.0,1069.569,1.2324,43.9979,1318.171,0.8803
18.5,1.0,18.5,11.054,15.0,1069.828,1.2363,44.172096,1322.656,0.878
19.0,1.0,19.0,11.054,15.0,1070.087,1.2402,44.3463,1327.141,0.8757
19.5,1.0,19.5,11.0564995,16.5,1070.0701,1.2498,45.51645,1337.3765,0.87014997
20.0,1.0,20.0,11.059,18.0,1070.053,1.2594,46.6866,1347.612,0.8646
20.5,1.0,20.5,11.058001,17.0,1069.439,1.2743499,48.8587,1362.814,0.85595
21.0,1.0,21.0,11.057,16.0,1068.825,1.2893,51.0308,1378.016,0.8473
21.5,1.0,21.5,11.057,14.0,1069.3425,1.3083999,53.2123,1399.11,0.8362
22.0,1.0,22.0,11.057,12.0,1069.86,1.3275,55.3938,1420.204,0.8251
22.5,1.0,22.5,11.0585,13.0,1070.005,1.3801999,55.49455,1476.8269,0.79455
23.0,1.0,23.0,11.06,14.0,1070.15,1.4329,55.5953,1533.45,0.764
23.5,1.0,23.5,11.0595,14.5,1070.1016,1.4115,58.40695,1510.467,0.77639997
24.0,1.0,24.0,11.059,15.0,1070.053,1.3901,61.2186,1487.484,0.7888
24.5,1.0,24.5,11.0585,15.5,1069.4875,1.38575,61.97945,1482.0486,0.7913
25.0,1.0,25.0,11.058,16.0,1068.922,1.3814,62.7403,1476.613,0.7938
25.5,1.0,25.5,11.058,14.0,1069.439,1.3557501,64.2409,1449.888,0.80869997
26.0,1.0,26.0,11.058,12.0,1069.956,1.3301,65.7415,1423.163,0.8236
26.5,1.0,26.5,11.059999,13.5,1070.1495,1.38535,62.92055,1482.5596,0.79155004
27.0,1.0,27.0,11.062,15.0,1070.343,1.4406,60.0996,1541.956,0.7595
27.5,1.0,27.5,11.062,14.5,1070.602,1.4672,58.254,1570.7915,0.7441
28.0,1.0,28.0,11.062,14.0,1070.861,1.4938,56.4084,1599.627,0.7287
28.5,1.0,28.5,11.062,13.5,1070.3435,1.41765,57.59325,1517.394,0.77285
29.0,1.0,29.0,11.062,13.0,1069.826,1.3415,58.7781,1435.161,0.817
29.5,1.0,29.5,11.062,14.0,1069.826,1.31295,57.97785,1404.6221,0.83355
30.0,1.0,30.0,11.062,15.0,1069.826,1.2844,57.1776,1374.083,0.8501
30.5,1.0,30.5,11.062,15.0,1069.826,1.2825,54.8468,1372.0764,0.8512
31.0,1.0,31.0,11.062,15.0,1069.826,1.2806,52.516,1370.07,0.8523
31.5,1.0,31.5,11.0625,15.0,1070.911,1.28245,50.3288,1373.408,0.85125
32.0,1.0,32.0,11.063,15.0,1071.996,1.2843,48.1416,1376.746,0.8502
32.5,1.0,32.5,11.0625,15.0,1071.1694,1.2855,46.6001,1376.9924,0.8495
33.0,1.0,33.0,11.062,15.0,1070.343,1.2867,45.0586,1377.239,0.8488
33.5,1.0,33.5,11.061001,17.0,1070.2466,1.2871001,44.1556,1377.5265,0.84854996
34.0,1.0,34.0,11.06,19.0,1070.15,1.2875,43.2526,1377.814,0.8483
34.5,1.0,34.5,11.0595,17.5,1070.3606,1.29215,42.506653,1383.0564,0.8456
35.0,1.0,35.0,11.059,16.0,1070.571,1.2968,41.7607,1388.299,0.8429
35.5,1.0,35.5,11.058001,15.5,1070.2156,1.30225,41.59705,1393.6785,0.83975
36.0,1.0,36.0,11.057,15.0,1069.86,1.3077,41.4334,1399.058,0.8366
36.5,1.0,36.5,11.056,15.5,1069.763,1.3059001,41.5009,1397.019,0.83765
37.0,1.0,37.0,11.055,16.0,1069.666,1.3041,41.5684,1394.98,0.8387
37.5,1.0,37.5,11.0535,16.0,1069.2625,1.2990501,42.3462,1389.0415,0.8416
38.0,1.0,38.0,11.052,16.0,1068.859,1.294,43.124,1383.103,0.8445
38.5,1.0,38.5,11.051001,15.5,1069.5386,1.30135,43.1888,1391.8555,0.84025
39.0,1.0,39.0,11.05,15.0,1070.218,1.3087,43.2536,1400.608,0.836
39.5,1.0,39.5,11.0485,15.5,1069.5549,1.3104999,43.50605,1401.6831,0.83495
40.0,1.0,40.0,11.047,16.0,1068.892,1.3123,43.7585,1402.758,0.8339
40.5,1.0,40.5,11.048,17.5,1068.7305,1.2967999,43.6724,1385.9375,0.8429
41.0,1.0,41.0,11.049,19.0,1068.569,1.2813,43.5863,1369.117,0.8519
41.5,1.0,41.5,11.049,18.0,1069.345,1.27675,43.43695,1365.256,0.85455
42.0,1.0,42.0,11.049,17.0,1070.121,1.2722,43.2876,1361.395,0.8572
42.5,1.0,42.5,11.0505,16.5,1070.5255,1.27425,42.2906,1364.102,0.856
43.0,1.0,43.0,11.052,16.0,1070.93,1.2763,41.2936,1366.809,0.8548
43.5,1.0,43.5,11.056,16.0,1070.54,1.27585,40.35635,1365.8169,0.85510004
44.0,1.0,44.0,11.06,16.0,1070.15,1.2754,39.4191,1364.825,0.8554
44.5,1.0,44.5,11.063,18.5,1070.6995,1.27485,38.49585,1364.965,0.8557
45.0,1.0,45.0,11.066,21.0,1071.249,1.2743,37.5726,1365.105,0.856
45.5,1.0,45.5,11.0695,18.0,1071.5875,1.279,37.10205,1370.5465,0.85325
46.0,1.0,46.0,11.073,15.0,1071.926,1.2837,36.6315,1375.988,0.8505
46.5,1.0,46.5,11.0735,16.0,1072.494,1.2839999,36.01815,1377.0386,0.85035
47.0,1.0,47.0,11.074,17.0,1073.062,1.2843,35.4048,1378.089,0.8502
47.5,1.0,47.5,11.0745,17.0,1073.1106,1.28075,36.1015,1374.3564,0.85225
48.0,1.0,48.0,11.075,17.0,1073.159,1.2772,36.7982,1370.624,0.8543
48.5,1.0,48.5,11.0585,15.0,1071.56,1.28105,37.44795,1372.7275,0.85205
49.0,1.0,49.0,11.042,13.0,1069.961,1.2849,38.0977,1374.831,0.8498
49.5,1.0,49.5,11.0485,14.5,1069.8135,1.2943499,38.9478,1384.7115,0.84435
50.0,1.0,50.0,11.055,16.0,1069.666,1.3038,39.7979,1394.592,0.8389
50.5,1.0,50.5,11.059,15.0,1070.053,1.30815,41.6865,1399.7476,0.83635
51.0,1.0,51.0,11.063,14.0,1070.44,1.3125,43.5751,1404.903,0.8338
51.5,1.0,51.5,11.069,17.0,1070.7615,1.32065,45.55995,1414.084,0.8291
52.0,1.0,52.0,11.075,20.0,1071.083,1.3288,47.5448,1423.265,0.8244
52.5,1.0,52.5,11.0795,19.0,1071.5181,1.35585,48.50695,1452.8569,0.80869997
53.0,1.0,53.0,11.084,18.0,1071.953,1.3829,49.4691,1482.449,0.793
53.5,1.0,53.5,11.0865,16.0,1072.714,1.3914499,52.42595,1492.673,0.788
54.0,1.0,54.0,11.089,14.0,1073.475,1.4,55.3828,1502.897,0.783
54.5,1.0,54.5,11.0945,15.0,1073.2285,1.3901999,58.47095,1492.007,0.7887
55.0,1.0,55.0,11.1,16.0,1072.982,1.3804,61.5591,1481.117,0.7944
55.5,1.0,55.5,11.099501,16.0,1073.453,1.3768499,64.7934,1477.9445,0.79649997
56.0,1.0,56.0,11.099,16.0,1073.924,1.3733,68.0277,1474.772,0.7986
56.5,1.0,56.5,11.1025,16.5,1074.783,1.41895,67.676254,1525.068,0.7721
57.0,1.0,57.0,11.106,17.0,1075.642,1.4646,67.3248,1575.364,0.7456
57.5,1.0,57.5,11.106,17.0,1075.3815,1.4553499,68.813,1565.0295,0.75095
58.0,1.0,58.0,11.106,17.0,1075.121,1.4461,70.3012,1554.695,0.7563
58.5,1.0,58.5,11.107,16.0,1074.698,1.44315,70.1606,1550.9419,0.758
59.0,1.0,59.0,11.108,15.0,1074.275,1.4402,70.02,1547.189,0.7597
59.5,1.0,59.5,11.1085,15.0,1074.843,1.4151,69.9022,1520.999,0.7743
60.0,1.0,60.0,11.109,15.0,1075.411,1.39,69.7844,1494.809,0.7889
60.5,1.0,60.5,11.106501,15.5,1074.9089,1.3689001,69.7887,1471.4294,0.80114996
61.0,1.0,61.0,11.104,16.0,1074.407,1.3478,69.793,1448.05,0.8134
61.5,1.0,61.5,11.105,15.5,1073.9845,1.3545,68.026505,1454.7036,0.8095
62.0,1.0,62.0,11.106,15.0,1073.562,1.3612,66.26,1461.357,0.8056
62.5,1.0,62.5,11.104,15.0,1074.148,1.3675001,65.432556,1468.932,0.8019
63.0,1.0,63.0,11.102,15.0,1074.734,1.3738,64.6051,1476.507,0.7982
63.5,1.0,63.5,11.103001,15.0,1073.896484375,1.3761001,63.65055,1479.0664,0.79690003
64.0,1.0,64.0,11.104,15.0,1073.8251953125,1.3784,62.696,1481.626,0.7956
64.5,1.0,64.5,11.102,16.5,1073.6190185546875,1.3735,62.3929,1477.1775,0.79845
65.0,1.0,65.0,11.1,18.0,1073.9697265625,1.3686,62.0898,1472.729,0.8013
65.5,1.0,65.5,11.1005,16.5,1073.9815673828125,1.36605,61.6353,1469.0171,0.80275
66.0,1.0,66.0,11.101,15.0,1074.13720703125,1.3635,61.1808,1465.305,0.8042
66.5,1.0,66.5,11.098,15.5,1074.19873046875,1.3715,59.484848,1474.1836,0.7996
67.0,1.0,67.0,11.095,16.0,1075.097,1.3795,57.7889,1483.062,0.795
67.5,1.0,67.5,11.095,16.5,1074.8365,1.3718,56.70995,1474.4365,0.79945004
68.0,1.0,68.0,11.095,17.0,1074.576,1.3641,55.631,1465.811,0.8039
68.5,1.0,68.5,11.0935,16.5,1075.2125,1.3656,53.9076,1468.302,0.803
69.0,1.0,69.0,11.092,16.0,1075.849,1.3671,52.1842,1470.793,0.8021
69.5,1.0,69.5,11.0905,17.0,1074.662,1.3757501,50.21395,1478.469,0.7971
70.0,1.0,70.0,11.089,18.0,1073.475,1.3844,48.2437,1486.145,0.7921
70.5,1.0,70.5,11.089,16.0,1073.475,1.3756499,47.14885,1476.74,0.79719996
71.0,1.0,71.0,11.089,14.0,1073.475,1.3669,46.054,1467.335,0.8023
71.5,1.0,71.5,11.087,14.0,1072.7625,1.3466,45.6241,1444.609,0.81404996
72.0,1.0,72.0,11.085,14.0,1072.05,1.3263,45.1942,1421.883,0.8258
72.5,1.0,72.5,11.082001,15.0,1071.76,1.3059499,44.7477,1399.707,0.8376
73.0,1.0,73.0,11.079,16.0,1071.47,1.2856,44.3012,1377.531,0.8494
73.5,1.0,73.5,11.0735,17.0,1071.456,1.28045,43.93845,1371.9845,0.8524
74.0,1.0,74.0,11.068,18.0,1071.442,1.2753,43.5757,1366.438,0.8554
74.5,1.0,74.5,11.0675,18.0,1071.1345,1.2746501,42.99765,1365.3464,0.85575
75.0,1.0,75.0,11.067,18.0,1070.827,1.274,42.4196,1364.255,0.8561
75.5,1.0,75.5,11.065001,16.0,1071.1521,1.2778001,41.41125,1368.7314,0.8539
76.0,1.0,76.0,11.063,14.0,1071.477,1.2816,40.4029,1373.208,0.8517
76.5,1.0,76.5,11.059999,16.0,1071.1865,1.28185,39.8222,1373.1125,0.85155
77.0,1.0,77.0,11.057,18.0,1070.896,1.2821,39.2415,1373.017,0.8514
77.5,1.0,77.5,11.056,16.5,1070.0225,1.286,38.83345,1376.0415,0.84915
78.0,1.0,78.0,11.055,15.0,1069.149,1.2899,38.4254,1379.066,0.8469
78.5,1.0,78.5,11.0529995,15.0,1069.2141,1.29555,37.9805,1385.1831,0.84365
79.0,1.0,79.0,11.051,15.0,1069.279,1.3012,37.5356,1391.3,0.8404
79.5,1.0,79.5,11.048,17.5,1068.989,1.3067,37.702,1396.834,0.8372
80.0,1.0,80.0,11.045,20.0,1068.699,1.3122,37.8684,1402.368,0.834
80.5,1.0,80.5,11.0445,18.5,1068.134,1.3287,37.986748,1419.2141,0.82445
81.0,1.0,81.0,11.044,17.0,1067.569,1.3452,38.1051,1436.06,0.8149
81.5,1.0,81.5,11.042999,16.5,1068.2471,1.3517,39.076897,1443.9131,0.8111
82.0,1.0,82.0,11.042,16.0,1068.925,1.3582,40.0487,1451.766,0.8073
82.5,1.0,82.5,11.042,15.0,1068.6665,1.35555,41.27525,1448.6045,0.80885
83.0,1.0,83.0,11.042,14.0,1068.408,1.3529,42.5018,1445.443,0.8104
83.5,1.0,83.5,11.0425,15.0,1068.4565,1.35885,43.448997,1451.8815,0.80695
84.0,1.0,84.0,11.043,16.0,1068.505,1.3648,44.3962,1458.32,0.8035
84.5,1.0,84.5,11.043,17.0,1068.2466,1.3824,44.3927,1476.772,0.79324996
85.0,1.0,85.0,11.043,18.0,1067.988,1.4,44.3892,1495.224,0.783
85.5,1.0,85.5,11.043,18.0,1069.2825,1.4286499,44.04965,1527.7065,0.7664
86.0,1.0,86.0,11.043,18.0,1070.577,1.4573,43.7101,1560.189,0.7498
86.5,1.0,86.5,11.044001,17.0,1069.3795,1.3931999,45.222298,1489.9514,0.787
87.0,1.0,87.0,11.045,16.0,1068.182,1.3291,46.7345,1419.714,0.8242
87.5,1.0,87.5,11.0455,17.5,1068.7476,1.2978001,47.2699,1387.006,0.84235
88.0,1.0,88.0,11.046,19.0,1069.313,1.2665,47.8053,1354.298,0.8605
88.5,1.0,88.5,11.049,16.0,1069.603,1.2685499,46.47165,1356.853,0.8593
89.0,1.0,89.0,11.052,13.0,1069.893,1.2706,45.138,1359.408,0.8581
89.5,1.0,89.5,11.052,15.5,1069.6345,1.2739999,44.10865,1362.6875,0.85615003
90.0,1.0,90.0,11.052,18.0,1069.376,1.2774,43.0793,1365.967,0.8542
90.5,1.0,90.5,11.0529995,18.0,1069.4724,1.27735,43.0691,1366.0625,0.8542
91.0,1.0,91.0,11.054,18.0,1069.569,1.2773,43.0589,1366.158,0.8542
91.5,1.0,91.5,11.0529995,18.0,1069.9905,1.28285,43.48545,1372.6536,0.851
92.0,1.0,92.0,11.052,18.0,1070.412,1.2884,43.912,1379.149,0.8478
92.5,1.0,92.5,11.0525,16.5,1069.9425,1.2873001,44.8487,1377.3315,0.84845
93.0,1.0,93.0,11.053,15.0,1069.473,1.2862,45.7854,1375.514,0.8491
93.5,1.0,93.5,11.052,17.0,1070.1531,1.3011501,46.45475,1392.4036,0.8404
94.0,1.0,94.0,11.051,19.0,1070.833,1.3161,47.1241,1409.293,0.8317
94.5,1.0,94.5,11.0505,18.0,1070.2665,1.3233,48.3312,1416.2765,0.82755005
95.0,1.0,95.0,11.05,17.0,1069.7,1.3305,49.5383,1423.26,0.8234
95.5,1.0,95.5,11.049,17.5,1069.862,1.3277,51.12085,1420.449,0.82500005
96.0,1.0,96.0,11.048,18.0,1070.024,1.3249,52.7034,1417.638,0.8266
96.5,1.0,96.5,11.048,17.5,1069.5066,1.3488,52.349648,1442.538,0.81275
97.0,1.0,97.0,11.048,17.0,1068.989,1.3727,51.9959,1467.438,0.7989
97.5,1.0,97.5,11.046,16.0,1068.7955,1.3858,51.53515,1481.1755,0.7913
98.0,1.0,98.0,11.044,15.0,1068.602,1.3989,51.0744,1494.913,0.7837
98.5,1.0,98.5,11.046,17.5,1069.054,1.36675,51.69575,1461.163,0.80235
99.0,1.0,99.0,11.048,20.0,1069.506,1.3346,52.3171,1427.413,0.821
99.5,1.0,99.5,11.047,16.5,1069.668,1.3231,51.90365,1415.277,0.8277
100.0,1.0,100.0,11.046,13.0,1069.83,1.3116,51.4902,1403.141,0.8344
100.5,1.0,100.5,11.045,17.0,1069.4745,1.31025,50.3694,1401.244,0.83515
101.0,1.0,101.0,11.044,21.0,1069.119,1.3089,49.2486,1399.347,0.8359
101.5,1.0,101.5,11.042999,20.0,1069.022,1.3144,48.1727,1405.106,0.8327
102.0,1.0,102.0,11.042,19.0,1068.925,1.3199,47.0968,1410.865,0.8295
102.5,1.0,102.5,11.0415,17.0,1068.3601,1.3347499,46.007698,1426.0045,0.8209
103.0,1.0,103.0,11.041,15.0,1067.795,1.3496,44.9186,1441.144,0.8123
103.5,1.0,103.5,11.040501,17.0,1067.7466,1.3427,44.28425,1433.6875,0.81630003
104.0,1.0,104.0,11.04,19.0,1067.698,1.3358,43.6499,1426.231,0.8203
104.5,1.0,104.5,11.04,17.5,1067.9565,1.30515,44.0902,1393.818,0.83809996
105.0,1.0,105.0,11.04,16.0,1068.215,1.2745,44.5305,1361.405,0.8559
105.5,1.0,105.5,11.039499,17.5,1067.908,1.2739,43.6399,1360.4126,0.8562
106.0,1.0,106.0,11.039,19.0,1067.601,1.2733,42.7493,1359.42,0.8565
106.5,1.0,106.5,11.039,19.0,1067.3435,1.27135,43.121246,1357.0105,0.85765004
107.0,1.0,107.0,11.039,19.0,1067.086,1.2694,43.4932,1354.601,0.8588
107.5,1.0,107.5,11.04,17.0,1066.9246,1.2724,43.380096,1357.5854,0.85705
108.0,1.0,108.0,11.041,15.0,1066.763,1.2754,43.267,1360.57,0.8553
108.5,1.0,108.5,11.042,18.5,1067.1174,1.28785,43.439697,1374.2964,0.8481
109.0,1.0,109.0,11.043,22.0,1067.472,1.3003,43.6124,1388.023,0.8409
109.5,1.0,109.5,11.044001,21.0,1067.5691,1.2945,45.3033,1381.9655,0.84424996
110.0,1.0,110.0,11.045,20.0,1067.666,1.2887,46.9942,1375.908,0.8476
110.5,1.0,110.5,11.0465,19.0,1068.5859,1.2899001,48.435753,1378.3469,0.84695
111.0,1.0,111.0,11.048,18.0,1069.506,1.2911,49.8773,1380.786,0.8463
111.5,1.0,111.5,11.0485,19.5,1069.5544,1.2931,50.48944854736328,1382.999,0.84510005
112.0,1.0,112.0,11.049,21.0,1069.603,1.2951,51.40678405761719,1385.212,0.8439
112.5,1.0,112.5,11.048,21.5,1070.0245,1.3187499,51.58081817626953,1411.0791,0.8302
113.0,1.0,113.0,11.047,22.0,1070.446,1.3424,56.0758,1436.946,0.8165
113.5,1.0,113.5,11.0485,20.5,1070.332,1.3968,55.8238,1495.015,0.78495
114.0,1.0,114.0,11.05,19.0,1070.218,1.4512,55.5718,1553.084,0.7534
114.5,1.0,114.5,11.05,18.5,1070.9966,1.4646499,55.32775,1568.6494,0.74555004
115.0,1.0,115.0,11.05,18.0,1071.775,1.4781,55.0837,1584.215,0.7377
115.5,1.0,115.5,11.0494995,19.5,1070.948,1.463,54.86215,1566.8259,0.7465
116.0,1.0,116.0,11.049,21.0,1070.121,1.4479,54.6406,1549.437,0.7553
116.5,1.0,116.5,11.0485,20.5,1069.5549,1.3924,55.17635,1489.2686,0.7875
117.0,1.0,117.0,11.048,20.0,1068.989,1.3369,55.7121,1429.1,0.8197
117.5,1.0,117.5,11.048,21.5,1070.8049,1.2993,54.91215,1391.2119,0.84150004
118.0,1.0,118.0,11.048,23.0,1072.621,1.2617,54.1122,1353.324,0.8633
118.5,1.0,118.5,11.047501,22.0,1071.015,1.2646,52.7716,1354.3779,0.86160004
119.0,1.0,119.0,11.047,21.0,1069.409,1.2675,51.431,1355.432,0.8599
119.5,1.0,119.5,11.047501,20.5,1069.7166,1.26785,50.79705,1356.2335,0.85969996
120.0,1.0,120.0,11.048,20.0,1070.024,1.2682,50.1631,1357.035,0.8595
120.5,1.0,120.5,11.0465,19.5,1069.103,1.2823,49.636253,1370.9355,0.8513
121.0,1.0,121.0,11.045,19.0,1068.182,1.2964,49.1094,1384.836,0.8431
121.5,1.0,121.5,11.044001,19.5,1068.3435,1.28795,50.662453,1375.973,0.84805
122.0,1.0,122.0,11.043,20.0,1068.505,1.2795,52.2155,1367.11,0.853
122.5,1.0,122.5,11.0425,20.0,1068.7151,1.2857001,53.774452,1374.044,0.84935
123.0,1.0,123.0,11.042,20.0,1068.925,1.2919,55.3334,1380.978,0.8457
123.5,1.0,123.5,11.0405,20.5,1069.2981,1.29735,57.81095,1387.2471,0.8426
124.0,1.0,124.0,11.039,21.0,1069.671,1.3028,60.2885,1393.516,0.8395
124.5,1.0,124.5,11.039,22.5,1068.636,1.3154,62.936752,1405.6305,0.83215
125.0,1.0,125.0,11.039,24.0,1067.601,1.328,65.585,1417.745,0.8248
125.5,1.0,125.5,11.0385,22.0,1068.8464,1.3362,68.663895,1428.1925,0.82005
126.0,1.0,126.0,11.038,20.0,1070.092,1.3444,71.7428,1438.64,0.8153
126.5,1.0,126.5,11.0395,21.5,1070.4971,1.44205,69.945145,1543.7524,0.75865
127.0,1.0,127.0,11.041,23.0,1070.902,1.5397,68.1475,1648.865,0.702
127.5,1.0,127.5,11.0415,21.5,1069.397,1.47615,72.303345,1578.6935,0.73885
128.0,1.0,128.0,11.042,20.0,1067.892,1.4126,76.4592,1508.522,0.7757
128.5,1.0,128.5,11.0445,23.0,1068.392,1.3713,78.78285,1465.053,0.7997
129.0,1.0,129.0,11.047,26.0,1068.892,1.33,81.1065,1421.584,0.8237
129.5,1.0,129.5,11.049,24.5,1069.8625,1.3254,81.051254,1417.9875,0.82635
130.0,1.0,130.0,11.051,23.0,1070.833,1.3208,80.996,1414.391,0.829
130.5,1.0,130.5,11.0529995,22.5,1069.991,1.33345,80.7712,1426.769,0.82165
131.0,1.0,131.0,11.055,22.0,1069.149,1.3461,80.5464,1439.147,0.8143
131.5,1.0,131.5,11.0685005,22.5,1069.84033203125,1.35455,81.46265,1451.059,0.80939996
132.0,1.0,132.0,11.082,23.0,1069.966064453125,1.363,82.3789,1462.971,0.8045
132.5,1.0,132.5,11.108,23.0,1070.037353515625,1.3743501,83.08595,1477.908,0.79789996
133.0,1.0,133.0,11.134,23.0,1070.080078125,1.3857,83.793,1492.845,0.7913
133.5,1.0,133.5,11.277,22.5,1070.4892578125,1.40765,81.41795,1537.4346,0.7786
134.0,1.0,134.0,11.42,22.0,1070.189697265625,1.4296,79.0429,1582.024,0.7659
134.5,1.0,134.5,11.405001,22.0,1070.084716796875,1.4124501,81.848755,1559.4885,0.77585
135.0,1.0,135.0,11.39,22.0,1070.3773193359375,1.3953,84.6546,1536.953,0.7858
135.5,1.0,135.5,11.3575,22.5,1070.5728759765625,1.4113,86.152145,1551.651,0.7765
136.0,1.0,136.0,11.325,23.0,1070.8297119140625,1.4273,87.6497,1566.349,0.7672
136.5,1.0,136.5,11.3975,22.5,1070.58544921875,1.4132195711135864,85.46208190917969,,
137.0,1.0,137.0,11.47,22.0,1070.666748046875,1.4035557508468628,84.56612396240234,,
137.5,1.5,68.7,11.458,20.0,1070.4619140625,1.3652980327606201,74.82596588134766,,
138.0,2.0,0.4,11.446,18.0,1070.3785400390625,1.3681180477142334,75.55511474609375,,
138.5,2.0,0.9,11.4215,16.5,1069.951416015625,1.5631399154663086,89.0008544921875,,
139.0,2.0,1.4,11.397,15.0,1069.9892578125,1.6889,90.4215,1861.582,0.6155
139.5,2.0,1.9000001,11.377001,17.0,1070.107177734375,1.6836,93.300705,1852.9089,0.61854994
140.0,2.0,2.4,11.357,19.0,1070.319091796875,1.6783,96.1799,1844.236,0.6216
140.5,2.0,2.9,11.3555,18.5,1071.06396484375,1.65135,96.7086,1814.8035,0.63724995
141.0,2.0,3.4,11.354,18.0,1070.957275390625,1.6244,97.2373,1785.371,0.6529
141.5,2.0,3.9,11.257,17.5,1071.056884765625,1.64115,99.0935,1786.9465,0.6432
142.0,2.0,4.4,11.16,17.0,1071.1219482421875,1.6579,100.9497,1788.522,0.6335
142.5,2.0,4.9,11.129,17.0,1071.27734375,1.5884,103.674805,1711.3616,0.6738
143.0,2.0,5.4,11.098,17.0,1071.2020263671875,1.5189,106.3999,1634.201,0.7141
143.5,2.0,5.9,11.0925,15.5,1071.0059814453125,1.5383,100.5361,1652.637,0.70285
144.0,2.0,6.4,11.087,14.0,1072.762,1.5577,94.6723,1671.073,0.6916
144.5,2.0,6.9,11.0715,16.0,1072.2996,1.5499,89.76105,1661.97,0.6961
145.0,2.0,7.4,11.056,18.0,1071.837,1.5421,84.8498,1652.867,0.7006
145.5,2.0,7.8999996,11.051,18.0,1071.3525,1.4365499,84.998,1539.0979,0.76185
146.0,2.0,8.4,11.046,18.0,1070.868,1.331,85.1462,1425.329,0.8231
146.5,2.0,8.9,11.0475,18.5,1069.977,1.31375,81.1599,1405.7065,0.83309996
147.0,2.0,9.4,11.049,19.0,1069.086,1.2965,77.1736,1386.084,0.8431
147.5,2.0,9.9,11.0494995,18.5,1069.3931,1.2931,74.059494,1382.8585,0.84505
148.0,2.0,10.4,11.05,18.0,1069.7,1.2897,70.9454,1379.633,0.847
148.5,2.0,10.9,11.051001,19.5,1069.7964,1.2971001,68.74405,1387.644,0.84275
149.0,2.0,11.4,11.052,21.0,1069.893,1.3045,66.5427,1395.655,0.8385
149.5,2.0,11.9,11.0535,20.5,1070.2421875,1.30985,65.6565,1401.2555,0.83535004
150.0,2.0,12.4,11.055,20.0,1070.3050537109375,1.3152,64.7703,1406.856,0.8322
150.5,2.0,12.9,11.0555,20.0,1070.269775390625,1.3223,64.707306,1421.113,0.82809997
151.0,2.0,13.4,11.056,20.0,1070.414794921875,1.3294,64.6443,1435.37,0.824
151.5,2.0,13.9,11.0564995,21.0,1070.41748046875,1.3347499,64.6687,1434.8655,0.82089996
152.0,2.0,14.4,11.057,22.0,1070.5218505859375,1.3401,64.6931,1434.361,0.8178
152.5,2.0,14.9,11.057,20.5,1070.8543701171875,1.3574,63.5972,1453.2395,0.8078
153.0,2.0,15.4,11.057,19.0,1070.896,1.3747,62.5013,1472.118,0.7978
153.5,2.0,15.9,11.0575,19.0,1070.685,1.37225,62.0395,1469.219,0.7992
154.0,2.0,16.4,11.058,19.0,1070.474,1.3698,61.5777,1466.32,0.8006
154.5,2.0,16.9,11.0595,19.0,1070.8784,1.33085,62.21245,1425.138,0.8232
155.0,2.0,17.4,11.061,19.0,1071.283,1.2919,62.8472,1383.956,0.8458
155.5,2.0,17.9,11.0595,20.0,1070.6195,1.28935,62.09245,1380.4055,0.84725
156.0,2.0,18.4,11.058,21.0,1069.956,1.2868,61.3377,1376.855,0.8487
156.5,2.0,18.9,11.0575,20.5,1069.908,1.29435,63.781402587890625,1384.8516,0.84435
157.0,2.0,19.4,11.057,20.0,1069.86,1.3019,62.612815856933594,1392.848,0.84
157.5,2.0,19.9,11.058001,19.0,1069.698,1.3054,61.75385284423828,1396.3931,0.83795
158.0,2.0,20.4,11.059,18.0,1069.536,1.3089,62.0603,1399.938,0.8359
158.5,2.0,20.9,11.0585,18.5,1070.005,1.3243,63.086998,1417.05,0.82695
159.0,2.0,21.4,11.058,19.0,1070.474,1.3397,64.1137,1434.162,0.818
159.5,2.0,21.9,11.0585,18.0,1070.005,1.34255,65.6959,1436.5549,0.81635
160.0,2.0,22.4,11.059,17.0,1069.536,1.3454,67.2781,1438.948,0.8147
160.5,2.0,22.9,11.059,17.0,1070.0535,1.3483,69.1378,1442.746,0.81305003
161.0,2.0,23.4,11.059,17.0,1070.571,1.3512,70.9975,1446.544,0.8114
161.5,2.0,23.9,11.0585,17.5,1071.0415,1.44245,67.285446,1544.968,0.75845003
162.0,2.0,24.4,11.058,18.0,1071.512,1.5337,63.5734,1643.392,0.7055
162.5,2.0,24.9,11.0585,18.0,1071.5605,1.47265,66.0399,1578.0465,0.74090004
163.0,2.0,25.4,11.059,18.0,1071.609,1.4116,68.5064,1512.701,0.7763
163.5,2.0,25.9,11.0595,19.5,1070.8795,1.3467,69.8546,1442.1946,0.81395
164.0,2.0,26.4,11.06,21.0,1070.15,1.2818,71.2028,1371.688,0.8516
164.5,2.0,26.9,11.062,19.5,1070.862,1.2743499,68.83865,1364.6455,0.85595
165.0,2.0,27.4,11.064,18.0,1071.574,1.2669,66.4745,1357.603,0.8603
165.5,2.0,27.9,11.063499,19.0,1071.7849,1.26795,63.993004,1358.9745,0.85969996
166.0,2.0,28.4,11.063,20.0,1071.996,1.269,61.5115,1360.346,0.8591
166.5,2.0,28.9,11.0645,20.0,1072.1415,1.2787001,59.8256,1370.9465,0.85345
167.0,2.0,29.4,11.066,20.0,1072.287,1.2884,58.1397,1381.547,0.8478
167.5,2.0,29.9,11.0685005,18.0,1072.529,1.2967501,57.1393,1390.833,0.84295
168.0,2.0,30.4,11.071,16.0,1072.771,1.3051,56.1389,1400.119,0.8381
168.5,2.0,30.9,11.0720005,19.0,1072.0895,1.3132999,56.36035,1407.9961,0.83335
169.0,2.0,31.4,11.073,22.0,1071.408,1.3215,56.5818,1415.873,0.8286
169.5,2.0,31.900002,11.0725,22.0,1072.398,1.32055,57.21405,1416.1631,0.82914996
170.0,2.0,32.4,11.072,22.0,1073.388,1.3196,57.8463,1416.453,0.8297
170.5,2.0,32.9,11.072,21.0,1072.3495,1.3231,57.98475,1418.8215,0.82765
171.0,2.0,33.4,11.072,20.0,1071.311,1.3266,58.1232,1421.19,0.8256
171.5,2.0,33.9,11.072,19.0,1071.5706,1.3287001,59.18935,1423.8064,0.8244
172.0,2.0,34.4,11.072,18.0,1071.83,1.3308,60.2555,1426.423,0.8232
172.5,2.0,34.9,11.0725,19.0,1071.6189,1.33585,61.171303,1431.5375,0.82025003
173.0,2.0,35.4,11.073,20.0,1071.408,1.3409,62.0871,1436.652,0.8173
173.5,2.0,35.9,11.0720005,20.0,1072.61,1.33305,63.634148,1429.8535,0.82185
174.0,2.0,36.4,11.071,20.0,1073.812,1.3252,65.1812,1423.055,0.8264
174.5,2.0,36.9,11.070499,20.5,1072.206,1.3303499,66.67175,1426.426,0.82344997
175.0,2.0,37.4,11.07,21.0,1070.6,1.3355,68.1623,1429.797,0.8205
175.5,2.0,37.9,11.070499,21.0,1070.907,1.3349,69.91905,1429.5475,0.82085
176.0,2.0,38.4,11.071,21.0,1071.214,1.3343,71.6758,1429.298,0.8212
176.5,2.0,38.9,11.0685005,19.0,1071.2314,1.4197,68.6763,1520.7954,0.77165
177.0,2.0,39.4,11.066,17.0,1071.249,1.5051,65.6768,1612.293,0.7221
177.5,2.0,39.9,11.0655,19.0,1071.2004,1.56235,63.124203,1673.554,0.6889
178.0,2.0,40.4,11.065,21.0,1071.152,1.6196,60.5716,1734.815,0.6557
178.5,2.0,40.9,11.063999,18.5,1071.0549,1.4737501,66.0803,1578.445,0.7403
179.0,2.0,41.4,11.063,16.0,1070.958,1.3279,71.589,1422.075,0.8249
179.5,2.0,41.9,11.0645,15.5,1071.363,1.3112,70.9909,1404.751,0.83455
180.0,2.0,42.4,11.066,15.0,1071.768,1.2945,70.3928,1387.427,0.8442
180.5,2.0,42.9,11.066,17.5,1072.2875,1.29485,69.1808,1388.4861,0.844
181.0,2.0,43.4,11.066,20.0,1072.807,1.2952,67.9688,1389.545,0.8438
181.5,2.0,43.9,11.070499,19.5,1071.6865,1.2987499,68.00195,1391.879,0.84175
182.0,2.0,44.4,11.075,19.0,1070.566,1.3023,68.0351,1394.213,0.8397
182.5,2.0,44.9,11.0755005,18.5,1070.873,1.31,68.21471,1402.8359,0.83525
183.0,2.0,45.4,11.076,18.0,1071.18,1.3177,68.3943,1411.459,0.8308
183.5,2.0,45.9,11.079,20.5,1071.47,1.3434,68.744354,1439.3984,0.81589997
184.0,2.0,46.4,11.082,23.0,1071.76,1.3691,69.0944,1467.338,0.801
184.5,2.0,46.9,11.0835,22.0,1072.6841,1.37175,71.1706,1471.4625,0.79945004
185.0,2.0,47.4,11.085,21.0,1073.608,1.3744,73.2468,1475.587,0.7979
185.5,2.0,47.9,11.085,20.0,1072.8291,1.3817,75.62995,1482.3081,0.7937
186.0,2.0,48.4,11.085,19.0,1072.05,1.389,78.0131,1489.029,0.7895
186.5,2.0,48.9,11.075,20.0,1071.342,1.40945,79.522,1509.968,0.7776
187.0,2.0,49.4,11.065,21.0,1070.634,1.4299,81.0309,1530.907,0.7657
187.5,2.0,49.9,11.0615,21.5,1071.5925,1.46855,81.58985,1573.7229,0.74329996
188.0,2.0,50.4,11.058,22.0,1072.551,1.5072,82.1488,1616.539,0.7209
188.5,2.0,50.9,11.0615,19.5,1071.8516,1.5039,83.798706,1611.9655,0.7228
189.0,2.0,51.4,11.065,17.0,1071.152,1.5006,85.4486,1607.392,0.7247
189.5,2.0,51.9,11.0715,18.0,1071.522,1.458,87.59645,1562.2991,0.7494
190.0,2.0,52.4,11.078,19.0,1071.892,1.4154,89.7443,1517.206,0.7741
190.5,2.0,52.9,11.084,19.0,1072.213,1.42075,88.196045,1523.369,0.771
191.0,2.0,53.4,11.09,19.0,1072.534,1.4261,86.6478,1529.532,0.7679
191.5,2.0,53.9,11.0945,17.0,1074.009,1.4075,86.0505,1511.6531,0.7787
192.0,2.0,54.4,11.099,15.0,1075.484,1.3889,85.4532,1493.774,0.7895
192.5,2.0,54.9,11.1005,17.0,1071.56005859375,1.381,84.79895,1485.447,0.7941
193.0,2.0,55.4,11.102,19.0,1071.765625,1.3731,84.1447,1477.12,0.7987
193.5,2.0,55.9,11.106501,18.0,1071.658935546875,1.402,82.0849,1508.4724,0.7819
194.0,2.0,56.4,11.111,17.0,1072.488525390625,1.4309,80.0251,1539.825,0.7651
194.5,2.0,56.9,11.1125,18.0,1072.5380859375,1.4446,78.982254,1552.8715,0.7572
195.0,2.0,57.4,11.114,19.0,1072.1590576171875,1.4583,77.9394,1565.918,0.7493
195.5,2.0,57.9,11.1154995,18.5,1072.653076171875,1.46295,77.142944,1572.6589,0.74660003
196.0,2.0,58.4,11.117,18.0,1072.639892578125,1.4676,76.3465,1579.4,0.7439
196.5,2.0,58.9,11.1185,18.0,1072.541259765625,1.4741,74.43765,1586.6421,0.7401
197.0,2.0,59.4,11.12,18.0,1072.628173828125,1.4806,72.5288,1593.884,0.7363
197.5,2.0,59.9,11.120501,18.5,1072.6497802734375,1.4154999,74.60745,1523.1285,0.77405
198.0,2.0,60.4,11.121,19.0,1072.754150390625,1.3504,76.6861,1452.373,0.8118
198.5,2.0,60.9,11.120001,17.5,1072.814208984375,1.3347,76.17529,1436.0405,0.82095003
199.0,2.0,61.4,11.119,16.0,1072.744140625,1.319,75.6645,1419.708,0.8301
199.5,2.0,61.9,11.120001,19.0,1072.635009765625,1.30895,75.642746,1409.7185,0.8359
200.0,2.0,62.4,11.121,22.0,1072.4581298828125,1.2989,75.621,1399.729,0.8417
200.5,2.0,62.9,11.120001,22.0,1072.3642578125,1.2993,76.2039,1399.005,0.84145
201.0,2.0,63.4,11.119,22.0,1072.6927490234375,1.2997,76.7868,1398.281,0.8412
201.5,2.0,63.9,11.118,17.0,1072.5135498046875,1.3362,77.26085,1437.803,0.82005
202.0,2.0,64.4,11.117,12.0,1072.5146484375,1.3727,77.7349,1477.325,0.7989
202.5,2.0,64.9,11.1165,13.5,1072.4222412109375,1.4358001,77.7785,1544.7539,0.7623
203.0,2.0,65.4,11.116,15.0,1072.227294921875,1.4989,77.8221,1612.183,0.7257
203.5,2.0,65.9,11.1154995,13.5,1072.517578125,1.4929,82.2507,1605.6289,0.7292
204.0,2.0,66.4,11.115,12.0,1072.848876953125,1.4869,86.6793,1599.075,0.7327
204.5,2.0,66.9,11.1154995,15.5,1073.131103515625,1.4893999,90.61085,1603.7905,0.73125
205.0,2.0,67.4,11.116,19.0,1072.150634765625,1.4919,94.5424,1608.506,0.7298
205.5,2.0,67.9,11.1175,14.5,1072.3153076171875,1.49645,98.02565,1612.075,0.72714996
206.0,2.0,68.4,11.119,10.0,1072.295654296875,1.501,101.5089,1615.644,0.7245
206.5,2.0,68.9,11.119,12.5,1072.2554931640625,1.54125,102.055756,1658.1584,0.70115
207.0,2.0,69.4,11.119,15.0,1072.510498046875,1.5815,102.6026,1700.673,0.6778
207.5,2.0,69.9,11.1185,13.5,1072.5255126953125,1.6303,100.994095,1753.0759,0.6495
208.0,2.0,70.4,11.118,12.0,1075.242,1.6791,99.3856,1805.479,0.6212
208.5,2.0,70.9,11.1175,15.0,1072.72412109375,1.6401,100.8704,1763.0045,0.6438
209.0,2.0,71.4,11.117,18.0,1073.0233154296875,1.6011,102.3552,1720.53,0.6664
209.5,2.0,71.9,11.1185,18.0,1073.0732421875,1.5350499,104.31975,1650.9485,0.7047
210.0,2.0,72.4,11.12,18.0,1072.441162109375,1.469,106.2843,1581.367,0.743
210.5,2.0,72.9,11.1195,15.5,1072.43359375,1.4253,105.5241,1534.991,0.76835
211.0,2.0,73.4,11.119,13.0,1072.29150390625,1.3816,104.7639,1488.615,0.7937
211.5,2.0,73.9,11.1195,14.0,1072.271240234375,1.3824,101.66165,1494.266,0.79324996
212.0,2.0,74.4,11.12,15.0,1072.9375,1.3832,98.5594,1499.917,0.7928
212.5,2.0,74.9,11.1185,15.5,1072.9483642578125,1.38975,96.49805,1502.3955,0.78900003
213.0,2.0,75.4,11.117,16.0,1073.0244140625,1.3963,94.4367,1504.874,0.7852
213.5,2.0,75.9,11.1165,16.5,1073.07177734375,1.42545,92.5565,1535.0696,0.7683
214.0,2.0,76.4,11.116,17.0,1073.0172119140625,1.4546,90.6763,1565.265,0.7514
214.5,2.0,76.9,11.117001,17.5,1072.975341796875,1.4861,89.77465,1598.9425,0.7331
215.0,2.0,77.4,11.118,18.0,1072.363037109375,1.5176,88.873,1632.62,0.7148
215.5,2.0,77.9,11.117001,18.5,1072.2618408203125,1.5066,90.57055,1621.008,0.7212
216.0,2.0,78.4,11.116,19.0,1072.3558349609375,1.4956,92.2681,1609.396,0.7276
216.5,2.0,78.9,11.1154995,17.5,1072.3721923828125,1.4846001,93.487854,1597.0785,0.73399997
217.0,2.0,79.4,11.115,16.0,1072.2806396484375,1.4736,94.7076,1584.761,0.7404
217.5,2.0,79.9,11.113501,16.0,1072.27490234375,1.45995,94.845856,1569.8894,0.7483
218.0,2.0,80.4,11.112,16.0,1073.1324462890625,1.4463,94.9841,1555.018,0.7562
218.5,2.0,80.9,11.1125,16.5,1073.254150390625,1.4230001,95.1889,1531.509,0.76970005
219.0,2.0,81.4,11.113,17.0,1073.1978759765625,1.3997,95.3937,1508.0,0.7832
219.5,2.0,81.9,11.111,18.0,1073.45751953125,1.4014001,94.5099,1508.1045,0.7822
220.0,2.0,82.4,11.109,19.0,1073.4239501953125,1.4031,93.6261,1508.209,0.7812
220.5,2.0,82.9,11.106501,18.0,1073.6661376953125,1.4242,91.7884,1530.5391,0.769
221.0,2.0,83.4,11.104,17.0,1074.407,1.4453,89.9507,1552.869,0.7568
221.5,2.0,83.9,11.103001,17.0,1074.5706,1.469,89.05745,1578.5754,0.74305
222.0,2.0,84.4,11.102,17.0,1074.734,1.4927,88.1642,1604.282,0.7293
222.5,2.0,84.9,11.099,16.0,1073.9241,1.5058501,87.72155,1617.1531,0.7217
223.0,2.0,85.4,11.096,15.0,1073.114,1.519,87.2789,1630.024,0.7141
223.5,2.0,85.9,11.091499,15.5,1074.239,1.5072,88.326904,1619.0425,0.7209
224.0,2.0,86.4,11.087,16.0,1075.364,1.4954,89.3749,1608.061,0.7277
224.5,2.0,86.9,11.084499,16.5,1073.562,1.48055,91.1242,1589.4825,0.7363
225.0,2.0,87.4,11.082,17.0,1071.76,1.4657,92.8735,1570.904,0.7449
225.5,2.0,87.9,11.077,17.5,1071.2765,1.4774001,93.2968,1582.7256,0.73815
226.0,2.0,88.4,11.072,18.0,1070.793,1.4891,93.7201,1594.547,0.7314
226.5,2.0,88.9,11.0685,16.5,1070.9724,1.5172,93.097046,1624.9115,0.71510005
227.0,2.0,89.4,11.065,15.0,1071.152,1.5453,92.474,1655.276,0.6988
227.5,2.0,89.9,11.0625,15.5,1070.651,1.553,92.8218,1662.7109,0.69435
228.0,2.0,90.4,11.06,16.0,1070.15,1.5607,93.1696,1670.146,0.6899
228.5,2.0,90.9,11.0585,15.5,1069.7461,1.5755501,93.307556,1685.4094,0.68125
229.0,2.0,91.4,11.057,15.0,1069.342,1.5904,93.4455,1700.673,0.6726
229.5,2.0,91.9,11.0564995,14.0,1069.5525,1.60315,93.9164,1714.6746,0.6652
230.0,2.0,92.4,11.056,13.0,1069.763,1.6159,94.3873,1728.676,0.6578
230.5,2.0,92.9,11.054501,14.0,1070.395,1.60765,95.8815,1720.8325,0.66260004
231.0,2.0,93.4,11.053,15.0,1071.027,1.5994,97.3757,1712.989,0.6674
231.5,2.0,93.9,11.053,17.5,1071.027,1.6080999,98.28815,1722.3296,0.66235
232.0,2.0,94.4,11.053,20.0,1071.027,1.6168,99.2006,1731.67,0.6573
232.5,2.0,94.9,11.053,19.0,1069.991,1.63295,99.16875,1747.26,0.64795
233.0,2.0,95.4,11.053,18.0,1068.955,1.6491,99.1369,1762.85,0.6386
233.5,2.0,95.9,11.0535,18.0,1069.78,1.64045,100.59885,1754.9504,0.6436
234.0,2.0,96.4,11.054,18.0,1070.605,1.6318,102.0608,1747.051,0.6486
234.5,2.0,96.9,11.054501,17.5,1069.6184,1.64135,102.16195,1755.6316,0.64304996
235.0,2.0,97.4,11.055,17.0,1068.632,1.6509,102.2631,1764.212,0.6375
235.5,2.0,97.9,11.0555,17.5,1069.4565,1.63715,103.11665,1750.843,0.6455
236.0,2.0,98.4,11.056,18.0,1070.281,1.6234,103.9702,1737.474,0.6535
236.5,2.0,98.9,11.056999,18.5,1070.3774,1.6250501,103.36155,1739.411,0.65255
237.0,2.0,99.4,11.058,19.0,1070.474,1.6267,102.7529,1741.348,0.6516
237.5,2.0,99.9,11.0575,19.0,1071.204,1.6131,102.673096,1727.941,0.6595
238.0,2.0,100.4,11.057,19.0,1071.934,1.5995,102.5933,1714.534,0.6674
238.5,2.0,100.9,11.056,17.0,1071.059,1.60155,101.52345,1715.3145,0.66620004
239.0,2.0,101.4,11.055,15.0,1070.184,1.6036,100.4536,1716.095,0.665
239.5,2.0,101.9,11.0529995,17.5,1070.2495,1.62765,97.865295,1741.985,0.651
240.0,2.0,102.4,11.051,20.0,1070.315,1.6517,95.277,1767.875,0.637
240.5,2.0,102.9,11.052,20.5,1070.6709,1.6525,95.4423,1769.291,0.63655
241.0,2.0,103.4,11.053,21.0,1071.027,1.6533,95.6076,1770.707,0.6361
241.5,2.0,103.9,11.0515,20.0,1070.1045,1.6291001,98.29315,1743.3435,0.65015
242.0,2.0,104.4,11.05,19.0,1069.182,1.6049,100.9787,1715.98,0.6642
242.5,2.0,104.9,11.049,18.5,1069.0854,1.63095,100.8215,1743.6641,0.6491
243.0,2.0,105.4,11.048,18.0,1068.989,1.657,100.6643,1771.348,0.634
243.5,2.0,105.9,11.0485,19.0,1069.296,1.6544,102.4541,1769.0605,0.6355
244.0,2.0,106.4,11.049,20.0,1069.603,1.6518,104.2439,1766.773,0.637
244.5,2.0,106.9,11.0485,19.5,1070.073,1.6595,104.7052,1775.814,0.63250005
245.0,2.0,107.4,11.048,19.0,1070.543,1.6672,105.1665,1784.855,0.628
245.5,2.0,107.9,11.0485,19.0,1070.073,1.66855,105.9986,1785.487,0.62725
246.0,2.0,108.4,11.049,19.0,1069.603,1.6699,106.8307,1786.119,0.6265
246.5,2.0,108.9,11.049999,21.0,1070.218,1.67105,107.19445,1788.3595,0.62584996
247.0,2.0,109.4,11.051,23.0,1070.833,1.6722,107.5582,1790.6,0.6252
247.5,2.0,109.9,11.0505,21.0,1070.0076,1.6698,107.4927,1786.6814,0.6266
248.0,2.0,110.4,11.05,19.0,1069.182,1.6674,107.4272,1782.763,0.628
248.5,2.0,110.9,11.049,19.5,1070.1221,1.6567,106.97635,1772.8505,0.6342
249.0,2.0,111.4,11.048,20.0,1071.062,1.646,106.5255,1762.938,0.6404
249.5,2.0,111.9,11.050501,21.5,1071.304,1.6375,105.58325,1754.26,0.64530003
250.0,2.0,112.4,11.053,23.0,1071.546,1.629,104.641,1745.582,0.6502
250.5,2.0,112.9,11.0535,22.0,1071.0754,1.62825,103.2481,1744.008,0.65065
251.0,2.0,113.4,11.054,21.0,1070.605,1.6275,101.8552,1742.434,0.6511
251.5,2.0,113.9,11.0535,21.0,1070.0391,1.6236501,100.19905,1737.361,0.65335
252.0,2.0,114.4,11.053,21.0,1069.473,1.6198,98.5429,1732.288,0.6556
252.5,2.0,114.9,11.053,20.0,1069.214,1.63825,96.0399,1751.637,0.64485
253.0,2.0,115.4,11.053,19.0,1068.955,1.6567,93.5369,1770.986,0.6341
253.5,2.0,115.9,11.0535,22.0,1069.8109130859375,1.65605,92.39191,1771.225,0.6345
254.0,2.0,116.4,11.054,25.0,1069.9302978515625,1.6554,91.2469,1771.464,0.6349
254.5,2.0,116.9,11.054501,23.5,1069.7919921875,1.66185,89.95555,1784.0701,0.63115
255.0,2.0,117.4,11.055,22.0,1069.945068359375,1.6683,88.6642,1796.676,0.6274
255.5,2.0,117.9,11.054001,22.0,1069.93359375,1.6616,88.34355,1785.4165,0.6313
256.0,2.0,118.4,11.053,22.0,1069.976806640625,1.6549,88.0229,1774.157,0.6352
256.5,2.0,118.9,11.0535,22.5,1070.0223388671875,1.6554999,87.74485,1774.4695,0.63485
257.0,2.0,119.4,11.054,23.0,1071.643,1.6561,87.4668,1774.782,0.6345
257.5,2.0,119.9,11.0529995,20.0,1070.5095,1.65475,87.56085,1771.4595,0.63530004
258.0,2.0,120.4,11.052,17.0,1069.376,1.6534,87.6549,1768.137,0.6361
258.5,2.0,120.9,11.0505,19.0,1070.527,1.7124,85.20655,1833.2314,0.6019
259.0,2.0,121.4,11.049,21.0,1071.678,1.7714,82.7582,1898.326,0.5677
259.5,2.0,121.9,11.0485,22.0,1070.3335,1.7065,86.5126,1826.5985,0.6053
260.0,2.0,122.4,11.048,23.0,1068.989,1.6416,90.267,1754.871,0.6429
260.5,2.0,122.9,11.048,22.5,1068.7305,1.63775,91.1936,1750.3015,0.64515
261.0,2.0,123.4,11.048,22.0,1068.472,1.6339,92.1202,1745.732,0.6474
261.5,2.0,123.9,11.047,22.5,1069.4105,1.6356001,93.942154,1749.1316,0.6464
262.0,2.0,124.4,11.046,23.0,1070.349,1.6373,95.7641,1752.531,0.6454
262.5,2.0,124.9,11.045,22.5,1070.5115,1.6283,96.0836,1743.123,0.65065
263.0,2.0,125.4,11.044,22.0,1070.674,1.6193,96.4031,1733.715,0.6559
263.5,2.0,125.9,11.044,22.5,1070.1555,1.6591,95.0573,1775.478,0.6328
264.0,2.0,126.4,11.044,23.0,1069.637,1.6989,93.7115,1817.241,0.6097
264.5,2.0,126.9,11.044,22.5,1069.1195,1.6819999,95.83095,1798.2605,0.61950004
265.0,2.0,127.4,11.044,22.0,1068.602,1.6651,97.9504,1779.28,0.6293
265.5,2.0,127.899994,11.0445,23.0,1068.6505,1.6696501,98.1331,1784.2655,0.62665
266.0,2.0,128.4,11.045,24.0,1068.699,1.6742,98.3158,1789.251,0.624
266.5,2.0,128.9,11.046,23.5,1070.0916,1.6693001,99.514206,1786.298,0.62685
267.0,2.0,129.4,11.047,23.0,1071.484,1.6644,100.7126,1783.345,0.6297
267.5,2.0,129.9,11.047,22.0,1071.2245,1.65915,101.9683,1777.3315,0.63275003
268.0,2.0,130.4,11.047,21.0,1070.965,1.6539,103.224,1771.318,0.6358
268.5,2.0,130.9,11.048,22.0,1071.0615,1.66165,103.1838,1779.7676,0.6313
269.0,2.0,131.4,11.049,23.0,1071.158,1.6694,103.1436,1788.217,0.6268
269.5,2.0,131.9,11.0494995,22.5,1070.947,1.6946,102.0703,1814.847,0.6122
270.0,2.0,132.4,11.05,22.0,1070.736,1.7198,100.997,1841.477,0.5976
270.5,2.0,132.9,11.05,22.5,1070.736,1.7203,101.193954,1841.9945,0.5973
271.0,2.0,133.4,11.05,23.0,1070.736,1.7208,101.3909,1842.512,0.597
271.5,2.0,133.9,11.05,25.0,1070.218,1.69725,102.816895,1816.44,0.61065
272.0,2.0,134.4,11.05,27.0,1069.7,1.6737,104.2429,1790.368,0.6243
272.5,2.0,134.9,11.05,24.5,1070.218,1.6737,104.0112,1791.2356,0.6243
273.0,2.0,135.4,11.05,22.0,1070.736,1.6737,103.7795,1792.103,0.6243
273.5,2.0,135.9,11.0494995,24.0,1070.1694,1.6684,104.1228,1785.5005,0.62735
274.0,2.0,136.4,11.049,26.0,1069.603,1.6631,104.4661,1778.898,0.6304
274.5,2.0,136.9,11.049,24.0,1069.603,1.6740999,103.5541,1790.6625,0.62405
275.0,2.0,137.4,11.049,22.0,1069.603,1.6851,102.6421,1802.427,0.6177
275.5,2.0,137.9,11.049,22.5,1068.8275,1.69295,102.397995,1809.4766,0.61315
276.0,2.0,138.4,11.049,23.0,1068.052,1.7008,102.1539,1816.526,0.6086
276.5,2.0,138.9,11.0485,21.5,1069.557,1.68195,103.559296,1798.881,0.61955
277.0,2.0,139.4,11.048,20.0,1071.062,1.6631,104.9647,1781.236,0.6305
277.5,2.0,139.9,11.048,21.5,1070.2839,1.6754999,104.4225,1793.22,0.6233
278.0,2.0,140.4,11.048,23.0,1069.506,1.6879,103.8803,1805.204,0.6161
278.5,2.0,140.9,11.047501,23.0,1069.4575,1.6808,104.1023,1797.5354,0.62020004
279.0,2.0,141.4,11.047,23.0,1069.409,1.6737,104.3243,1789.867,0.6243
279.5,2.0,141.9,11.046,22.5,1069.8306,1.6685,104.21135,1784.996,0.62735
280.0,2.0,142.4,11.045,22.0,1070.252,1.6633,104.0984,1780.125,0.6304
280.5,2.0,142.9,11.044001,23.5,1069.637,1.6417,104.7939,1756.023,0.6429
281.0,2.0,143.4,11.043,25.0,1069.022,1.6201,105.4894,1731.921,0.6554
281.5,2.0,143.9,11.041,25.0,1070.125,1.64425,103.083954,1759.562,0.6414
282.0,2.0,144.4,11.039,25.0,1071.228,1.6684,100.6785,1787.203,0.6274
282.5,2.0,144.9,11.047,26.0,1070.047119140625,1.6630001,99.8627,1781.86,0.63049996
283.0,2.0,145.4,11.055,27.0,1069.793212890625,1.6576,99.0469,1776.517,0.6336
283.5,2.0,145.9,11.085501,24.5,1070.051513671875,1.6624501,96.852,1787.062,0.6308
284.0,2.0,146.4,11.116,22.0,1069.5625,1.6673,94.6571,1797.607,0.628
284.5,2.0,146.9,11.189,22.0,1069.709716796875,1.65085,92.5039,1789.7445,0.63755
285.0,2.0,147.4,11.262,22.0,1069.680908203125,1.6344,90.3507,1781.882,0.6471
285.5,2.0,147.9,11.316999,22.5,1070.1776123046875,1.6516,99.0413818359375,1810.833,0.63715
286.0,2.0,148.4,11.372,23.0,1070.161865234375,1.6688,102.1808090209961,1839.784,0.6272
286.5,2.0,148.9,11.365999,23.0,1069.7835693359375,1.66685,99.3448715209961,1834.917,0.6283
287.0,2.0,149.4,11.36,23.0,1069.90087890625,1.6649,101.34130859375,1830.05,0.6294
287.5,2.0,149.9,11.3689995,21.0,1069.536865234375,1.63315,102.61911010742188,1795.6555,0.64785004
288.0,2.0,150.4,11.378,19.0,1069.900634765625,1.6014,104.61465454101562,1761.261,0.6663
288.5,2.5,75.299995,11.401,19.5,1070.1368408203125,1.6648166179656982,103.80656433105469,,
289.0,3.0,0.2,11.424,20.0,1070.04296875,1.666686773300171,96.21989440917969,,
289.5,3.0,0.70000005,11.409,19.0,1070.4371337890625,1.5658774375915527,93.70237731933594,,
290.0,3.0,1.2,11.394,18.0,1070.34765625,1.6672571897506714,104.73690795898438,,
290.5,3.0,1.7,11.371,19.0,1068.9267578125,1.673081636428833,108.71451568603516,,
291.0,3.0,2.2,11.348,20.0,1069.310302734375,1.6749762296676636,108.97410583496094,,
291.5,3.0,2.7,11.3225,20.0,1069.562255859375,1.669947862625122,106.34193420410156,,
292.0,3.0,3.2,11.297,20.0,1069.671630859375,1.6611137390136719,104.40950012207031,,
292.5,3.0,3.6999998,11.316,18.5,1069.553466796875,1.6639753580093384,103.65994262695312,,
293.0,3.0,4.2,11.335,17.0,1069.4815673828125,1.6614744663238525,105.12030792236328,,
293.5,3.0,4.7,11.2925,16.5,1069.5269775390625,1.6610043048858643,105.29864501953125,,
294.0,3.0,5.2,11.25,16.0,1068.940673828125,1.6169,107.32559967041016,1762.575,0.6573
294.5,3.0,5.7,11.1744995,18.5,1068.79296875,1.63445,106.2757339477539,1769.612,0.6471
295.0,3.0,6.2,11.099,21.0,1068.992431640625,1.652,108.96640014648438,1776.649,0.6369
295.5,3.0,6.7,11.0745,21.5,1069.015869140625,1.64585,108.84591674804688,1766.179,0.64045
296.0,3.0,7.2,11.05,22.0,1070.736,1.6397,97.8914,1755.709,0.644
296.5,3.0,7.7,11.042,22.0,1070.4795,1.64975,100.31295,1766.048,0.6382
297.0,3.0,8.2,11.034,22.0,1070.223,1.6598,102.7345,1776.387,0.6324
297.5,3.0,8.7,11.0325,19.5,1069.5591,1.6634,104.1887,1779.1265,0.6303
298.0,3.0,9.2,11.031,17.0,1068.895,1.667,105.6429,1781.866,0.6282
298.5,3.0,9.7,11.031,17.5,1069.154,1.6732,106.1811,1788.9241,0.6246
299.0,3.0,10.2,11.031,18.0,1069.413,1.6794,106.7193,1795.982,0.621
299.5,3.0,10.7,11.0305,18.5,1068.072,1.68395,106.90695,1798.585,0.61835
300.0,3.0,11.2,11.03,19.0,1066.731,1.6885,107.0946,1801.188,0.6157
300.5,3.0,11.7,11.0295,20.5,1067.7166,1.68765,107.16354,1801.9241,0.6162
301.0,3.0,12.2,11.029,22.0,1068.702,1.6868,107.2325,1802.66,0.6167
301.5,3.0,12.7,11.0275,21.0,1067.523,1.6781,107.598694,1791.4095,0.62175
302.0,3.0,13.2,11.026,20.0,1066.344,1.6694,107.9649,1780.159,0.6268
302.5,3.0,13.7,11.0275,19.5,1067.0055,1.6744499,107.36745,1786.6411,0.6239
303.0,3.0,14.2,11.029,19.0,1067.667,1.6795,106.77,1793.123,0.621
303.5,3.0,14.7,11.028,19.5,1067.5701,1.6588,107.6702,1770.8816,0.63295
304.0,3.0,15.2,11.027,20.0,1067.473,1.6381,108.5704,1748.64,0.6449
304.5,3.0,15.700001,11.027,21.5,1067.9905,1.65555,107.2056,1768.12,0.6348
305.0,3.0,16.2,11.027,23.0,1068.508,1.673,105.8408,1787.6,0.6247
305.5,3.0,16.7,11.029,29.0,1068.7015,1.6828,105.17305,1798.4155,0.619
306.0,3.0,17.2,11.031,35.0,1068.895,1.6926,104.5053,1809.231,0.6133
306.5,3.0,17.7,11.0325,27.0,1068.2645,1.6838,104.55025,1798.741,0.61845005
307.0,3.0,18.2,11.034,19.0,1067.634,1.675,104.5952,1788.251,0.6236
307.5,3.0,18.7,11.035,20.0,1068.5071,1.6700499,103.94325,1784.4365,0.62645
308.0,3.0,19.2,11.036,21.0,1069.38,1.6651,103.2913,1780.622,0.6293
308.5,3.0,19.7,11.0355,20.5,1069.85,1.66415,101.960754,1780.3665,0.62985003
309.0,3.0,20.2,11.035,20.0,1070.32,1.6632,100.6302,1780.111,0.6304
309.5,3.0,20.7,11.0375,19.0,1070.303,1.65185,100.07405,1767.968,0.63699996
310.0,3.0,21.2,11.04,18.0,1070.286,1.6405,99.5179,1755.825,0.6436
310.5,3.0,21.7,11.04,19.0,1069.2505,1.6473,97.93515,1761.3645,0.63965
311.0,3.0,22.2,11.04,20.0,1068.215,1.6541,96.3524,1766.904,0.6357
311.5,3.0,22.7,11.039,19.5,1068.1179,1.654,95.20625,1766.6575,0.63575
312.0,3.0,23.2,11.038,19.0,1068.021,1.6539,94.0601,1766.411,0.6358
312.5,3.0,23.7,11.0385,18.5,1067.811,1.6457,93.80765,1757.2886,0.64055
313.0,3.0,24.2,11.039,18.0,1067.601,1.6375,93.5552,1748.166,0.6453
313.5,3.0,24.7,11.0385,19.0,1068.3285,1.63745,92.144394,1749.314,0.64535
314.0,3.0,25.2,11.038,20.0,1069.056,1.6374,90.7336,1750.462,0.6454
314.5,3.0,25.7,11.0365,21.5,1068.6521,1.6489999,89.43089,1762.2,0.63865
315.0,3.0,26.2,11.035,23.0,1068.248,1.6606,88.1282,1773.938,0.6319
315.5,3.0,26.7,11.035,21.5,1067.9895,1.6554999,87.69205,1768.0825,0.63485
316.0,3.0,27.2,11.035,20.0,1067.731,1.6504,87.2559,1762.227,0.6378
316.5,3.0,27.7,11.034,19.5,1067.634,1.64565,86.82095,1756.9609,0.64055
317.0,3.0,28.2,11.033,19.0,1067.537,1.6409,86.386,1751.695,0.6433
317.5,3.0,28.7,11.032,19.0,1067.9575,1.63795,86.08675,1749.2515,0.645
318.0,3.0,29.2,11.031,19.0,1068.378,1.635,85.7875,1746.808,0.6467
318.5,3.0,29.7,11.0315,18.5,1068.1675,1.6297,85.81605,1740.8115,0.6498
319.0,3.0,30.2,11.032,18.0,1067.957,1.6244,85.8446,1734.815,0.6529
319.5,3.0,30.7,11.0305,20.0,1068.3296,1.6226001,86.2144,1733.4834,0.65395
320.0,3.0,31.2,11.029,22.0,1068.702,1.6208,86.5842,1732.152,0.655
320.5,3.0,31.7,11.0295,20.5,1067.7166,1.6201501,87.08835,1729.8755,0.65534997
321.0,3.0,32.2,11.03,19.0,1066.731,1.6195,87.5925,1727.599,0.6557
321.5,3.0,32.7,11.0275,20.0,1067.0055,1.63305,87.874695,1742.5171,0.64785004
322.0,3.0,33.2,11.025,21.0,1067.28,1.6466,88.1569,1757.435,0.64
322.5,3.0,33.7,11.025,22.0,1066.764,1.6541,88.698395,1764.5815,0.63565
323.0,3.0,34.2,11.025,23.0,1066.248,1.6616,89.2399,1771.728,0.6313
323.5,3.0,34.7,11.025499,22.5,1067.0706,1.66085,89.7398,1772.272,0.63175
324.0,3.0,35.2,11.026,22.0,1067.893,1.6601,90.2397,1772.816,0.6322
324.5,3.0,35.7,11.027,22.0,1068.508,1.6600499,90.92295,1773.7991,0.6322
325.0,3.0,36.2,11.028,22.0,1069.123,1.66,91.6062,1774.782,0.6322
325.5,3.0,36.7,11.0275,20.0,1068.5565,1.66035,92.30565,1774.1704,0.63205004
326.0,3.0,37.2,11.027,18.0,1067.99,1.6607,93.0051,1773.559,0.6319
326.5,3.0,37.7,11.0285,20.5,1067.3605,1.66265,93.3269,1774.624,0.63075
327.0,3.0,38.2,11.03,23.0,1066.731,1.6646,93.6487,1775.689,0.6296
327.5,3.0,38.7,11.0315,22.5,1067.134,1.661,94.989746,1772.53,0.63165
328.0,3.0,39.2,11.033,22.0,1067.537,1.6574,96.3308,1769.371,0.6337
328.5,3.0,39.7,11.033501,20.0,1067.3275,1.669,96.813,1781.3826,0.627
329.0,3.0,40.2,11.034,18.0,1067.118,1.6806,97.2952,1793.394,0.6203
329.5,3.0,40.7,11.036,21.0,1067.828,1.6843,98.6448,1798.541,0.61815
330.0,3.0,41.2,11.038,24.0,1068.538,1.688,99.9944,1803.688,0.616
330.5,3.0,41.7,11.0385,23.0,1068.5864,1.68935,101.052,1805.2045,0.61525
331.0,3.0,42.2,11.039,22.0,1068.635,1.6907,102.1096,1806.721,0.6145
331.5,3.0,42.7,11.041,20.5,1068.3115,1.6868501,103.67485,1802.0664,0.6167
332.0,3.0,43.2,11.043,19.0,1067.988,1.683,105.2401,1797.412,0.6189
332.5,3.0,43.7,11.045,21.0,1068.9575,1.69195,105.7744,1808.6005,0.61375
333.0,3.0,44.2,11.047,23.0,1069.927,1.7009,106.3087,1819.789,0.6086
333.5,3.0,44.7,11.051001,19.5,1071.0935,1.713,105.90285,1834.7686,0.60155
334.0,3.0,45.2,11.055,16.0,1072.26,1.7251,105.497,1849.748,0.5945
334.5,3.0,45.7,11.0595,19.0,1072.1765,1.7232001,105.940796,1847.5544,0.5956
335.0,3.0,46.2,11.064,22.0,1072.093,1.7213,106.3846,1845.361,0.5967
335.5,3.0,46.7,11.0645,21.0,1071.8821,1.6979,107.626144,1819.927,0.6103
336.0,3.0,47.2,11.065,20.0,1071.671,1.6745,108.8677,1794.493,0.6239
336.5,3.0,47.7,11.0655,20.0,1070.942,1.65625,109.82885,1773.769,0.63444996
337.0,3.0,48.2,11.066,20.0,1070.213,1.638,110.79,1753.045,0.645
337.5,3.0,48.7,11.0645,18.0,1070.5854,1.6570001,109.80895,1773.962,0.634
338.0,3.0,49.2,11.063,16.0,1070.958,1.676,108.8279,1794.879,0.623
338.5,3.0,49.7,11.052,18.5,1069.635,1.7097,107.2433,1828.6805,0.60345
339.0,3.0,50.2,11.041,21.0,1068.312,1.7434,105.6587,1862.482,0.5839
339.5,3.0,50.7,11.0355,21.0,1068.5549,1.7400999,105.785446,1859.3845,0.5858
340.0,3.0,51.2,11.03,21.0,1068.798,1.7368,105.9122,1856.287,0.5877
340.5,3.0,51.7,11.028,21.5,1067.829,1.7238,106.54465,1840.7329,0.59525
341.0,3.0,52.2,11.026,22.0,1066.86,1.7108,107.1771,1825.179,0.6028
341.5,3.0,52.7,11.021999,20.0,1066.731,1.7095001,106.4541,1823.5745,0.60355
342.0,3.0,53.2,11.018,18.0,1066.602,1.7082,105.7311,1821.97,0.6043
342.5,3.0,53.7,11.019,19.5,1065.9255,1.7228,103.2416,1836.365,0.59585
343.0,3.0,54.2,11.02,21.0,1065.249,1.7374,100.7521,1850.76,0.5874
343.5,3.0,54.7,11.0215,21.5,1065.6515,1.7356,98.7922,1849.5165,0.58845
344.0,3.0,55.2,11.023,22.0,1066.054,1.7338,96.8323,1848.273,0.5895
344.5,3.0,55.7,11.025499,21.0,1066.2959,1.69645,97.06505,1808.888,0.61115
345.0,3.0,56.2,11.028,20.0,1066.538,1.6591,97.2978,1769.503,0.6328
345.5,3.0,56.7,11.034,21.0,1066.6025,1.6512,95.95915,1761.16,0.63740003
346.0,3.0,57.2,11.04,22.0,1066.667,1.6433,94.6205,1752.817,0.642
346.5,3.0,57.7,11.0435,21.0,1067.7795,1.6503501,93.195694,1762.206,0.6379
347.0,3.0,58.2,11.047,20.0,1068.892,1.6574,91.7709,1771.595,0.6338
347.5,3.0,58.7,11.046499,20.5,1069.1025,1.66025,90.6916,1774.998,0.6321
348.0,3.0,59.2,11.046,21.0,1069.313,1.6631,89.6123,1778.401,0.6304
348.5,3.0,59.7,11.046,21.5,1069.5715,1.6791,88.31025,1795.9136,0.62115
349.0,3.0,60.2,11.046,22.0,1069.83,1.6951,87.0082,1813.426,0.6119
349.5,3.0,60.7,11.049,20.5,1069.0859,1.69415,86.53125,1811.1665,0.61245
350.0,3.0,61.2,11.052,19.0,1068.342,1.6932,86.0543,1808.907,0.613
350.5,3.0,61.7,11.0555,19.5,1069.9756,1.6949,85.205795,1813.5139,0.612
351.0,3.0,62.2,11.059,20.0,1071.609,1.6966,84.3573,1818.121,0.611
351.5,3.0,62.7,11.0585,20.5,1071.8201,1.69635,83.241455,1818.1794,0.61115
352.0,3.0,63.2,11.058,21.0,1072.031,1.6961,82.1256,1818.238,0.6113
352.5,3.0,63.699997,11.0595,22.0,1071.657,1.6764,81.6687,1796.5176,0.62275
353.0,3.0,64.2,11.061,23.0,1071.283,1.6567,81.2118,1774.797,0.6342
353.5,3.0,64.7,11.061,21.0,1070.7649,1.6693001,79.68405,1787.4199,0.62689996
354.0,3.0,65.2,11.061,19.0,1070.247,1.6819,78.1563,1800.043,0.6196
354.5,3.0,65.7,11.062,20.0,1070.6025,1.6761,77.24965,1794.455,0.62294996
355.0,3.0,66.2,11.063,21.0,1070.958,1.6703,76.343,1788.867,0.6263
355.5,3.0,66.7,11.062,20.0,1070.6025,1.6705999,75.88765,1788.559,0.62609994
356.0,3.0,67.2,11.061,19.0,1070.247,1.6709,75.4323,1788.251,0.6259
356.5,3.0,67.7,11.061501,19.5,1070.2949,1.665,75.45735,1782.0275,0.62934995
357.0,3.0,68.2,11.062,20.0,1070.343,1.6591,75.4824,1775.804,0.6328
357.5,3.0,68.7,11.063499,20.0,1070.7476,1.6476,76.21875,1764.173,0.63944995
358.0,3.0,69.2,11.065,20.0,1071.152,1.6361,76.9551,1752.542,0.6461
358.5,3.0,69.7,11.062,20.0,1070.8616,1.6312001,77.72235,1746.824,0.64895
359.0,3.0,70.2,11.059,20.0,1070.571,1.6263,78.4896,1741.106,0.6518
359.5,3.0,70.7,11.0585,20.5,1070.5225,1.62415,80.27545,1738.6855,0.65304995
360.0,3.0,71.2,11.058,21.0,1070.474,1.622,82.0613,1736.265,0.6543
360.5,3.0,71.7,11.0585,21.0,1071.561,1.6488,82.122055,1766.81,0.63874996
361.0,3.0,72.2,11.059,21.0,1072.648,1.6756,82.1828,1797.355,0.6232
361.5,3.0,72.7,11.056,20.0,1071.0605,1.6687,83.753296,1787.324,0.6272
362.0,3.0,73.2,11.053,19.0,1069.473,1.6618,85.3238,1777.293,0.6312
362.5,3.0,73.7,11.052,19.0,1069.894,1.6733,84.9934,1790.2965,0.62450004
363.0,3.0,74.2,11.051,19.0,1070.315,1.6848,84.663,1803.3,0.6178
363.5,3.0,74.7,11.051,19.0,1069.797,1.67695,85.5259,1794.0281,0.6224
364.0,3.0,75.2,11.051,19.0,1069.279,1.6691,86.3888,1784.756,0.627
364.5,3.0,75.7,11.0515,20.5,1069.3275,1.6637001,86.6599,1779.0415,0.6301
365.0,3.0,76.2,11.052,22.0,1069.376,1.6583,86.931,1773.327,0.6332
365.5,3.0,76.7,11.051001,22.0,1069.538,1.65465,87.6159,1769.6805,0.63535
366.0,3.0,77.2,11.05,22.0,1069.7,1.651,88.3008,1766.034,0.6375
366.5,3.0,77.7,11.0505,19.0,1070.2665,1.6463001,88.77644,1761.973,0.6402
367.0,3.0,78.2,11.051,16.0,1070.833,1.6416,89.2521,1757.912,0.6429
367.5,3.0,78.7,11.052,19.5,1071.1895,1.65125,89.4111,1768.8285,0.6373
368.0,3.0,79.2,11.053,23.0,1071.546,1.6609,89.5701,1779.745,0.6317
368.5,3.0,79.7,11.050501,22.0,1071.0444,1.69305,88.181244,1813.331,0.61305
369.0,3.0,80.2,11.048,21.0,1070.543,1.7252,86.7924,1846.917,0.5944
369.5,3.0,80.7,11.047,21.5,1069.669,1.7093,87.85975,1828.4065,0.60365
370.0,3.0,81.2,11.046,22.0,1068.795,1.6934,88.9271,1809.896,0.6129
370.5,3.0,81.7,11.047,20.5,1068.8921,1.67385,89.0177,1789.14,0.62425
371.0,3.0,82.2,11.048,19.0,1068.989,1.6543,89.1083,1768.384,0.6356
371.5,3.0,82.7,11.0445,21.0,1068.6505,1.6528499,88.560394,1766.2896,0.6364
372.0,3.0,83.2,11.041,23.0,1068.312,1.6514,88.0125,1764.195,0.6372
372.5,3.0,83.7,11.038,22.0,1068.0215,1.63995,87.504745,1751.5024,0.64384997
373.0,3.0,84.2,11.035,21.0,1067.731,1.6285,86.997,1738.81,0.6505
373.5,3.0,84.7,11.034,20.0,1067.634,1.6178501,86.627396,1727.276,0.6567
374.0,3.0,85.2,11.033,19.0,1067.537,1.6072,86.2578,1715.742,0.6629
374.5,3.0,85.7,11.032,20.0,1067.6985,1.62375,85.1728,1733.654,0.6533
375.0,3.0,86.2,11.031,21.0,1067.86,1.6403,84.0878,1751.566,0.6437
375.5,3.0,86.7,11.0295,20.5,1067.457,1.65065,83.595795,1761.9515,0.63769996
376.0,3.0,87.2,11.028,20.0,1067.054,1.661,83.1038,1772.337,0.6317
376.5,3.0,87.7,11.0245,19.0,1066.2,1.6492,84.25505,1758.3695,0.63855
377.0,3.0,88.2,11.021,18.0,1065.346,1.6374,85.4063,1744.402,0.6454
377.5,3.0,88.7,11.0215,20.5,1066.426,1.65675,84.87601,1766.8175,0.63415
378.0,3.0,89.2,11.022,23.0,1067.506,1.6761,84.3457,1789.233,0.6229
378.5,3.0,89.7,11.019501,22.5,1067.0055,1.66845,85.73155,1780.2245,0.62735
379.0,3.0,90.2,11.017,22.0,1066.505,1.6608,87.1174,1771.216,0.6318
379.5,3.0,90.7,11.016001,20.5,1066.925,1.6615,88.043106,1772.693,0.6314
380.0,3.0,91.2,11.015,19.0,1067.345,1.6622,88.9688,1774.17,0.631
380.5,3.0,91.7,11.015,20.5,1066.8285,1.6766,89.1361,1788.677,0.62259996
381.0,3.0,92.2,11.015,22.0,1066.312,1.691,89.3034,1803.184,0.6142
381.5,3.0,92.7,11.016001,21.5,1066.667,1.7185,88.7726,1833.079,0.5983
382.0,3.0,93.2,11.017,21.0,1067.022,1.746,88.2418,1862.974,0.5824
382.5,3.0,93.7,11.018,20.5,1067.3774,1.7274001,90.09375,1843.7385,0.59319997
383.0,3.0,94.2,11.019,20.0,1067.733,1.7088,91.9457,1824.503,0.604
383.5,3.0,94.7,11.019501,21.0,1067.2645,1.70835,92.64365,1823.2366,0.60424995
384.0,3.0,95.2,11.02,22.0,1066.796,1.7079,93.3416,1821.97,0.6045
384.5,3.0,95.7,11.0225,22.5,1066.7795,1.70395,93.9581,1817.7095,0.60679996
385.0,3.0,96.2,11.025,23.0,1066.763,1.7,94.5746,1813.449,0.6091
385.5,3.0,96.7,11.026,22.5,1067.1179,1.6951001,94.82425,1808.821,0.61195
386.0,3.0,97.2,11.027,22.0,1067.473,1.6902,95.0739,1804.193,0.6148
386.5,3.0,97.7,11.0275,21.0,1067.2634,1.6788499,95.2404,1791.7366,0.62135
387.0,3.0,98.2,11.028,20.0,1067.054,1.6675,95.4069,1779.28,0.6279
387.5,3.0,98.7,11.0295,20.5,1068.2334,1.65605,95.321945,1769.022,0.63455
388.0,3.0,99.2,11.031,21.0,1069.413,1.6446,95.237,1758.764,0.6412
388.5,3.0,99.7,11.0315,22.0,1068.685,1.65215,94.08865,1765.6085,0.6368
389.0,3.0,100.2,11.032,23.0,1067.957,1.6597,92.9403,1772.453,0.6324
389.5,3.0,100.7,11.031,23.5,1067.344,1.6617,92.14935,1773.5754,0.63125
390.0,3.0,101.2,11.03,24.0,1066.731,1.6637,91.3584,1774.698,0.6301
390.5,3.0,101.7,11.028999,21.5,1067.4089,1.66015,91.1075,1772.027,0.63215
391.0,3.0,102.2,11.028,19.0,1068.087,1.6566,90.8566,1769.356,0.6342
391.5,3.0,102.7,11.0295,21.0,1068.75,1.6593499,90.90375,1773.433,0.63259995
392.0,3.0,103.2,11.031,23.0,1069.413,1.6621,90.9509,1777.51,0.631
392.5,3.0,103.7,11.029,22.0,1068.7014,1.66675,91.21355,1781.249,0.62835
393.0,3.0,104.2,11.027,21.0,1067.99,1.6714,91.4762,1784.988,0.6257
393.5,3.0,104.7,11.026,22.0,1066.6035,1.66755,92.41295,1778.6145,0.6279
394.0,3.0,105.2,11.025,23.0,1065.217,1.6637,93.3497,1772.241,0.6301
394.5,3.0,105.7,11.025,23.0,1065.99,1.68125,92.617004,1792.21,0.61995
395.0,3.0,106.2,11.025,23.0,1066.763,1.6988,91.8843,1812.179,0.6098
395.5,3.0,106.7,11.0235,22.0,1067.1345,1.72345,90.6219,1839.1515,0.59545
396.0,3.0,107.2,11.022,21.0,1067.506,1.7481,89.3595,1866.124,0.5811
396.5,3.0,107.7,11.0215,22.0,1066.6835,1.76,88.551895,1877.335,0.57425
397.0,3.0,108.2,11.021,23.0,1065.861,1.7719,87.7443,1888.546,0.5674
397.5,3.0,108.7,11.0205,22.0,1066.845,1.728,89.576996,1843.462,0.5928
398.0,3.0,109.2,11.02,21.0,1067.829,1.6841,91.4097,1798.378,0.6182
398.5,3.0,109.7,11.0185,21.5,1067.4255,1.68575,91.1243,1799.4525,0.61724997
399.0,3.0,110.2,11.017,22.0,1067.022,1.6874,90.8389,1800.527,0.6163
399.5,3.0,110.7,11.0135,22.5,1066.425,1.66495,91.92825,1775.5585,0.62935
400.0,3.0,111.2,11.01,23.0,1065.828,1.6425,93.0176,1750.59,0.6424
400.5,3.0,111.7,11.01,22.5,1066.0859,1.6589,91.63755,1768.5375,0.6329
401.0,3.0,112.2,11.01,22.0,1066.344,1.6753,90.2575,1786.485,0.6234
401.5,3.0,112.7,11.01,21.5,1065.5706,1.6798,89.78585,1789.9395,0.6208
402.0,3.0,113.2,11.01,21.0,1064.797,1.6843,89.3142,1793.394,0.6182
402.5,3.0,113.7,11.011,21.0,1065.667,1.6714,90.22015,1781.128,0.62565
403.0,3.0,114.2,11.012,21.0,1066.537,1.6585,91.1261,1768.862,0.6331
403.5,3.0,114.7,11.0125,21.0,1066.844,1.6482,91.9262,1758.38,0.63909996
404.0,3.0,115.2,11.013,21.0,1067.151,1.6379,92.7263,1747.898,0.6451
404.5,3.0,115.7,11.0145,21.5,1066.522,1.66095,91.885605,1771.456,0.63170004
405.0,3.0,116.2,11.016,22.0,1065.893,1.684,91.0449,1795.014,0.6183
405.5,3.0,116.7,11.017,22.0,1067.023,1.68835,92.17405,1801.5481,0.6158
406.0,3.0,117.2,11.018,22.0,1068.153,1.6927,93.3032,1808.082,0.6133
406.5,3.0,117.7,11.02,22.5,1067.8295,1.66465,96.04695,1777.5665,0.62955
407.0,3.0,118.2,11.022,23.0,1067.506,1.6366,98.7907,1747.051,0.6458
407.5,3.0,118.7,11.0235,23.0,1067.1345,1.6812501,97.78046,1794.0906,0.6199
408.0,3.0,119.2,11.025,23.0,1066.763,1.7259,96.7702,1841.13,0.594
408.5,3.0,119.7,11.025499,22.0,1067.5869,1.73695,98.3788,1854.342,0.5876
409.0,3.0,120.2,11.026,21.0,1068.411,1.748,99.9874,1867.554,0.5812
409.5,3.0,120.7,11.026501,20.0,1067.426,1.725,103.6152,1841.3335,0.59455
410.0,3.0,121.2,11.027,19.0,1066.441,1.702,107.243,1815.113,0.6079
410.5,3.0,121.7,11.028,20.5,1066.7955,1.72365,108.5673,1838.7976,0.59535
411.0,3.0,122.2,11.029,22.0,1067.15,1.7453,109.8916,1862.482,0.5828
411.5,3.0,122.7,11.0305,21.5,1067.0376,1.7398,112.8924,1856.418,0.58599997
412.0,3.0,123.2,11.032,21.0,1066.925,1.7343,115.8932,1850.354,0.5892
412.5,3.0,123.7,11.032,21.0,1067.441,1.75985,117.28835,1878.548,0.57435
413.0,3.0,124.2,11.032,21.0,1067.957,1.7854,118.6835,1906.742,0.5595
413.5,3.0,124.7,11.032,20.0,1067.957,1.80745,120.233505,1930.2949,0.5467
414.0,3.0,125.2,11.032,19.0,1067.957,1.8295,121.7835,1953.848,0.5339
414.5,3.0,125.7,11.031,20.0,1068.119,1.8108,126.13284,1934.138,0.54475
415.0,3.0,126.2,11.03,21.0,1068.281,1.7921,130.4822,1914.428,0.5556
415.5,3.0,126.7,11.03,21.5,1068.0225,1.8137,132.55405,1937.0635,0.5431
416.0,3.0,127.2,11.03,22.0,1067.764,1.8353,134.6259,1959.699,0.5306
416.5,3.0,127.7,11.0295,21.0,1068.751,1.8292999,138.72365,1955.0554,0.5341
417.0,3.0,128.2,11.029,20.0,1069.738,1.8233,142.8214,1950.412,0.5376
417.5,3.0,128.7,11.0285,21.5,1068.396,1.8278,146.10645,1952.7705,0.53495
418.0,3.0,129.2,11.028,23.0,1067.054,1.8323,149.3915,1955.129,0.5323
418.5,3.0,129.7,11.0285,21.5,1067.102,1.80105,154.87079,1921.894,0.55044997
419.0,3.0,130.2,11.029,20.0,1067.15,1.7698,160.3501,1888.659,0.5686
419.5,3.0,130.7,11.0285,20.5,1067.36,1.8385,157.04709,1962.367,0.52875
420.0,3.0,131.2,11.028,21.0,1067.57,1.9072,153.7441,2036.075,0.4889
420.5,3.0,131.7,11.0285,21.0,1067.6184,1.93395,153.81285,2064.746,0.47335
421.0,3.0,132.2,11.029,21.0,1067.667,1.9607,153.8816,2093.417,0.4578
421.5,3.0,132.7,11.028,19.5,1067.312,1.9534,156.30545,2084.894,0.46205002
422.0,3.0,133.2,11.027,18.0,1066.957,1.9461,158.7293,2076.371,0.4663
422.5,3.0,133.7,11.028,19.5,1067.8296,1.94015,160.7875,2071.7256,0.46975
423.0,3.0,134.2,11.029,21.0,1068.702,1.9342,162.8457,2067.08,0.4732
423.5,3.0,134.7,11.030001,20.0,1068.281,1.94175,163.37175,2074.3384,0.4688
424.0,3.0,135.2,11.031,19.0,1067.86,1.9493,163.8978,2081.597,0.4644
424.5,3.0,135.7,11.031,19.0,1068.6365,1.93585,166.0576,2068.73,0.47219998
425.0,3.0,136.2,11.031,19.0,1069.413,1.9224,168.2174,2055.863,0.48
425.5,3.0,136.7,11.033,19.5,1068.572,1.93735,167.6427,2070.1904,0.47135
426.0,3.0,137.2,11.035,20.0,1067.731,1.9523,167.068,2084.518,0.4627
426.5,3.0,137.7,11.035999,19.5,1068.863,1.949,167.9068,2083.2114,0.46460003
427.0,3.0,138.2,11.037,19.0,1069.995,1.9457,168.7456,2081.905,0.4665
427.5,3.0,138.7,11.038,19.5,1068.5405,1.94075,169.13385,2073.7866,0.4694
428.0,3.0,139.2,11.039,20.0,1067.086,1.9358,169.5221,2065.668,0.4723
428.5,3.0,139.7,11.0405,20.5,1068.2645,1.9456999,168.401,2078.5288,0.46655
429.0,3.0,140.2,11.042,21.0,1069.443,1.9556,167.2799,2091.39,0.4608
429.5,3.0,140.7,11.0425,21.0,1069.2324,1.9497,167.76501,2084.684,0.4642
430.0,3.0,141.2,11.043,21.0,1069.022,1.9438,168.2501,2077.978,0.4676
430.5,3.0,141.7,11.0425,21.0,1068.9735,1.96345,166.408,2098.892,0.4562
431.0,3.0,142.2,11.042,21.0,1068.925,1.9831,164.5659,2119.806,0.4448
431.5,3.0,142.7,11.0425,21.0,1069.4915,1.9734001,164.37036,2110.5244,0.45045
432.0,3.0,143.2,11.043,21.0,1070.058,1.9637,164.1748,2101.243,0.4561
432.5,3.0,143.7,11.0425,22.0,1070.7886,1.9756,161.84445,2115.4258,0.44919997
433.0,3.0,144.2,11.042,23.0,1071.519,1.9875,159.5141,2129.609,0.4423
433.5,3.0,144.7,11.0435,21.0,1069.284423828125,1.9686,158.60805,2107.1138,0.45325
434.0,3.0,145.2,11.045,19.0,1069.5107421875,1.9497,157.702,2084.619,0.4642
434.5,3.0,145.7,11.110001,18.5,1068.452880859375,1.9523001,151.45865,2097.6973,0.4627
435.0,3.0,146.2,11.175,18.0,1068.7093505859375,1.9549,145.2153,2110.776,0.4612
435.5,3.0,146.7,11.272,18.5,1068.912109375,1.95285,137.1399,2128.352,0.46240002
436.0,3.0,147.2,11.369,19.0,1069.0416259765625,1.9508,129.0645,2145.928,0.4636
436.5,3.0,147.7,11.3619995,18.0,1068.1365966796875,1.9444499,122.6775,2139.6948,0.4673
437.0,3.0,148.2,11.355,17.0,1069.427734375,1.9381,116.2905,2133.462,0.471
437.5,3.0,148.7,11.334499,17.0,1069.3634033203125,1.93285,108.7447,2121.803,0.47405
438.0,3.0,149.2,11.314,17.0,1069.163818359375,1.9276,101.1989,2110.144,0.4771
438.5,3.0,149.7,11.3515,17.0,1068.6112060546875,1.876307725906372,131.7645263671875,,
439.0,3.0,150.2,11.389,17.0,1068.144287109375,1.8370866775512695,128.37579345703125,,
