SB_DEPTH_cm,hiresMS
1.0,34.6
1.5,44.85
2.0,55.1
2.5,60.1
3.0,65.1
3.5,85.45
4.0,105.8
4.5,115.5
5.0,125.2
5.5,114.25
6.0,103.3
6.5,78.05
7.0,52.8
7.5,57.85
8.0,62.9
8.5,58.6
9.0,54.3
9.5,47.949997
10.0,41.6
10.5,69.899994
11.0,98.2
11.5,98.05
12.0,97.9
12.5,78.95
13.0,60.0
13.5,53.75
14.0,47.5
14.5,47.3
15.0,47.1
15.5,47.15
16.0,47.2
16.5,49.85
17.0,52.5
17.5,55.25
18.0,58.0
18.5,66.7
19.0,75.4
19.5,100.600006
20.0,125.8
20.5,126.15
21.0,126.5
21.5,108.95
22.0,91.4
22.5,101.4
23.0,111.4
23.5,126.899994
24.0,142.4
24.5,162.85
25.0,183.3
25.5,156.20001
26.0,129.1
26.5,100.25
27.0,71.4
27.5,54.4
28.0,37.4
28.5,33.2
29.0,29.0
29.5,33.4
30.0,37.8
30.5,39.75
31.0,41.7
31.5,44.7
32.0,47.7
32.5,45.050003
33.0,42.4
33.5,28.150002
34.0,13.9
34.5,33.7
35.0,53.5
35.5,52.75
36.0,52.0
36.5,40.8
37.0,29.6
37.5,47.649998
38.0,65.7
38.5,56.949997
39.0,48.2
39.5,44.6
40.0,41.0
40.5,29.2
41.0,17.4
41.5,11.549999
42.0,5.7
42.5,10.25
43.0,14.8
43.5,18.25
44.0,21.7
44.5,29.65
45.0,37.6
45.5,41.15
46.0,44.7
46.5,43.6
47.0,42.5
47.5,45.75
48.0,49.0
48.5,47.3
49.0,45.6
49.5,39.5
50.0,33.4
50.5,49.65
51.0,65.9
51.5,64.5
52.0,63.1
52.5,71.1
53.0,79.1
53.5,78.0
54.0,76.9
54.5,76.850006
55.0,76.8
55.5,112.05
56.0,147.3
56.5,139.15
57.0,131.0
57.5,118.6
58.0,106.2
58.5,103.0
59.0,99.8
59.5,85.600006
60.0,71.4
60.5,68.4
61.0,65.4
61.5,59.45
62.0,53.5
62.5,56.75
63.0,60.0
63.5,59.7
64.0,59.4
64.5,53.9
65.0,48.4
65.5,46.7
66.0,45.0
66.5,45.65
67.0,46.3
67.5,50.65
68.0,55.0
68.5,58.75
69.0,62.5
69.5,63.45
70.0,64.4
70.5,54.550003
71.0,44.7
71.5,43.35
72.0,42.0
72.5,38.5
73.0,35.0
73.5,34.4
74.0,33.8
74.5,34.4
75.0,35.0
75.5,35.35
76.0,35.7
76.5,38.9
77.0,42.1
77.5,44.199997
78.0,46.3
78.5,47.3
79.0,48.3
79.5,51.0
80.0,53.7
80.5,54.1
81.0,54.5
81.5,52.15
82.0,49.8
82.5,56.25
83.0,62.7
83.5,67.45
84.0,72.2
84.5,87.7
85.0,103.2
85.5,101.899994
86.0,100.6
86.5,75.1
87.0,49.6
87.5,
88.0,
88.5,
89.0,
89.5,
90.0,
90.5,
91.0,
91.5,
92.0,
92.5,
93.0,57.8
93.5,64.45
94.0,71.1
94.5,77.95
95.0,84.8
95.5,87.5
96.0,90.2
96.5,95.649994
97.0,101.1
97.5,112.2
98.0,123.3
98.5,100.95
99.0,78.6
99.5,74.75
100.0,70.9
100.5,70.350006
101.0,69.8
101.5,71.05
102.0,72.3
102.5,74.600006
103.0,76.9
103.5,72.9
104.0,68.9
104.5,65.45
105.0,62.0
105.5,60.25
106.0,58.5
106.5,61.05
107.0,63.6
107.5,64.55
108.0,65.5
108.5,65.9
109.0,66.3
109.5,68.0
110.0,69.7
110.5,73.5
111.0,77.3
111.5,81.25
112.0,85.2
112.5,99.3
113.0,113.4
113.5,135.7
114.0,158.0
114.5,160.9
115.0,163.8
115.5,120.9
116.0,78.0
116.5,72.3
117.0,66.6
117.5,63.85
118.0,61.1
118.5,64.899994
119.0,68.7
119.5,67.399994
120.0,66.1
120.5,72.6
121.0,79.1
121.5,69.25
122.0,59.4
122.5,64.3
123.0,69.2
123.5,79.649994
124.0,90.1
124.5,83.899994
125.0,77.7
125.5,129.5
126.0,181.3
126.5,157.95001
127.0,134.6
127.5,127.850006
128.0,121.1
128.5,119.55
129.0,118.0
129.5,119.8
130.0,121.6
130.5,125.3
131.0,129.0
131.5,125.15
132.0,121.3
132.5,137.20001
133.0,153.1
133.5,142.05
134.0,131.0
134.5,142.05
135.0,153.1
135.5,166.1
136.0,179.1
136.5,184.45001
137.0,189.8
137.5,206.90001
138.0,224.0
138.5,241.1
139.0,258.2
139.5,272.6
140.0,287.0
140.5,266.3
141.0,245.6
141.5,200.5
142.0,155.4
142.5,186.2
143.0,217.0
143.5,167.8
144.0,118.6
144.5,91.85
145.0,65.1
145.5,60.949997
146.0,56.8
146.5,68.6
147.0,80.4
147.5,80.15
148.0,79.9
148.5,83.600006
149.0,87.3
149.5,80.65
150.0,74.0
150.5,83.2
151.0,92.4
151.5,120.5
152.0,148.6
152.5,160.75
153.0,172.9
153.5,118.149994
154.0,63.4
154.5,56.95
155.0,50.5
155.5,50.7
156.0,50.9
156.5,38.800003
157.0,26.7
157.5,42.75
158.0,58.8
158.5,57.65
159.0,56.5
159.5,63.6
160.0,70.7
160.5,123.7
161.0,176.7
161.5,136.35
162.0,96.0
162.5,81.0
163.0,66.0
163.5,54.4
164.0,42.8
164.5,37.85
165.0,32.9
165.5,43.7
166.0,54.5
166.5,63.5
167.0,72.5
167.5,66.9
168.0,61.3
168.5,56.15
169.0,51.0
169.5,39.95
170.0,28.9
170.5,45.75
171.0,62.6
171.5,69.1
172.0,75.6
172.5,71.899994
173.0,68.2
173.5,70.3
174.0,72.4
174.5,86.05
175.0,99.7
175.5,170.15
176.0,240.6
176.5,221.65
177.0,202.7
177.5,141.9
178.0,81.1
178.5,57.0
179.0,32.9
179.5,32.7
180.0,32.5
180.5,33.2
181.0,33.9
181.5,53.2
182.0,72.5
182.5,82.25
183.0,92.0
183.5,66.95
184.0,41.9
184.5,32.550003
185.0,23.2
185.5,58.85
186.0,94.5
186.5,102.8
187.0,111.1
187.5,
188.0,
188.5,
189.0,
189.5,
190.0,
190.5,
191.0,
191.5,
192.0,
192.5,
193.0,55.7
193.5,84.45
194.0,113.2
194.5,78.45
195.0,43.7
195.5,30.0
196.0,16.3
196.5,18.7
197.0,21.1
197.5,44.5
198.0,67.9
198.5,83.9
199.0,99.9
199.5,86.75
200.0,73.6
200.5,60.55
201.0,47.5
201.5,40.95
202.0,34.4
202.5,42.0
203.0,49.6
203.5,87.85
204.0,126.1
204.5,131.45
205.0,136.8
205.5,150.9
206.0,165.0
206.5,169.15
207.0,173.3
207.5,217.54999
208.0,261.8
208.5,231.95
209.0,202.1
209.5,224.9
210.0,247.7
210.5,164.65
211.0,81.6
211.5,85.3
212.0,89.0
212.5,85.35
213.0,81.7
213.5,99.8
214.0,117.9
214.5,186.95
215.0,256.0
215.5,226.3
216.0,196.6
216.5,140.20001
217.0,83.8
217.5,75.75
218.0,67.7
218.5,62.5
219.0,57.3
219.5,53.8
220.0,50.3
220.5,65.05
221.0,79.8
221.5,88.5
222.0,97.2
222.5,103.55
223.0,109.9
223.5,113.75
224.0,117.6
224.5,116.0
225.0,114.4
225.5,108.600006
226.0,102.8
226.5,113.350006
227.0,123.9
227.5,133.65
228.0,143.4
228.5,148.1
229.0,152.8
229.5,142.75
230.0,132.7
230.5,119.25
231.0,105.8
231.5,116.5
232.0,127.2
232.5,141.75
233.0,156.3
233.5,144.95001
234.0,133.6
234.5,147.4
235.0,161.2
235.5,131.55
236.0,101.9
236.5,126.100006
237.0,150.3
237.5,134.2
238.0,118.1
238.5,121.899994
239.0,125.7
239.5,132.15
240.0,138.6
240.5,166.70001
241.0,194.8
241.5,169.1
242.0,143.4
242.5,168.2
243.0,193.0
243.5,205.6
244.0,218.2
244.5,215.35
245.0,212.5
245.5,209.05
246.0,205.6
246.5,213.4
247.0,221.2
247.5,
248.0,
248.5,
249.0,
249.5,
250.0,
250.5,
251.0,
251.5,
252.0,170.8
252.5,172.75
253.0,174.7
253.5,165.35
254.0,156.0
254.5,148.35
255.0,140.7
255.5,142.95
256.0,145.2
256.5,145.7
257.0,146.2
257.5,154.25
258.0,162.3
258.5,148.0
259.0,133.7
259.5,138.65
260.0,143.6
260.5,144.1
261.0,144.6
261.5,163.15
262.0,181.7
262.5,
263.0,
263.5,
264.0,187.9
264.5,136.6
265.0,85.3
265.5,92.05
266.0,98.8
266.5,148.05
267.0,197.3
267.5,180.3
268.0,163.3
268.5,160.6
269.0,157.9
269.5,181.95
270.0,206.0
270.5,206.8
271.0,207.6
271.5,162.05
272.0,116.5
272.5,133.9
273.0,151.3
273.5,167.35
274.0,183.4
274.5,198.75
275.0,214.1
275.5,196.15
276.0,178.2
276.5,263.3
277.0,348.4
277.5,279.35
278.0,210.3
278.5,210.25
279.0,210.2
279.5,236.65
280.0,263.1
280.5,250.20001
281.0,237.3
281.5,202.15
282.0,167.0
282.5,153.2
283.0,139.4
283.5,159.6
284.0,179.8
284.5,187.05
285.0,194.3
285.5,191.45001
286.0,188.6
286.5,174.9
287.0,161.2
287.5,185.35
288.0,209.5
288.5,215.4
289.0,221.3
289.5,227.20001
290.0,233.1
290.5,
291.0,
291.5,
292.0,413.4
292.5,354.15
293.0,294.9
293.5,327.3
294.0,359.7
294.5,331.55
295.0,303.4
295.5,310.65
296.0,317.9
296.5,318.34998
297.0,318.8
297.5,329.05
298.0,339.3
298.5,297.5
299.0,255.7
299.5,198.15
300.0,140.6
300.5,240.05
301.0,339.5
301.5,320.7
302.0,301.9
302.5,279.2
303.0,256.5
303.5,327.65
304.0,398.8
304.5,400.55
305.0,402.3
305.5,397.25
306.0,392.2
306.5,341.65002
307.0,291.1
307.5,258.8
308.0,226.5
308.5,217.45
309.0,208.4
309.5,189.04999
310.0,169.7
310.5,135.85
311.0,102.0
311.5,190.95
312.0,279.9
312.5,235.25
313.0,190.6
313.5,174.05
314.0,157.5
314.5,199.1
315.0,240.7
315.5,253.6
316.0,266.5
316.5,231.2
317.0,195.9
317.5,189.4
318.0,182.9
318.5,160.65
319.0,138.4
319.5,140.95
320.0,143.5
320.5,156.35
321.0,169.2
321.5,151.9
322.0,134.6
322.5,136.35
323.0,138.1
323.5,161.55
324.0,185.0
324.5,168.65
325.0,152.3
325.5,134.9
326.0,117.5
326.5,129.6
327.0,141.7
327.5,130.9
328.0,120.1
328.5,113.1
329.0,106.1
329.5,117.2
330.0,128.3
330.5,147.25
331.0,166.2
331.5,142.9
332.0,119.6
332.5,127.25
333.0,134.9
333.5,123.799995
334.0,112.7
334.5,109.75
335.0,106.8
335.5,109.8
336.0,112.8
336.5,121.15
337.0,129.5
337.5,155.8
338.0,182.1
338.5,153.45001
339.0,124.8
339.5,150.15
340.0,175.5
340.5,158.3
341.0,141.1
341.5,142.8
342.0,144.5
342.5,128.45
343.0,112.4
343.5,129.4
344.0,146.4
344.5,161.2
345.0,176.0
345.5,194.3
346.0,212.6
346.5,187.75
347.0,162.9
347.5,141.0
348.0,119.1
348.5,138.15
349.0,157.2
349.5,133.1
350.0,109.0
350.5,130.8
351.0,152.6
351.5,136.1
352.0,119.6
352.5,120.149994
353.0,120.7
353.5,128.29999
354.0,135.9
354.5,116.6
355.0,97.3
355.5,98.5
356.0,99.7
356.5,108.1
357.0,116.5
357.5,147.5
358.0,178.5
358.5,154.8
359.0,131.1
359.5,118.950005
360.0,106.8
360.5,104.850006
361.0,102.9
361.5,112.9
362.0,122.9
362.5,123.95
363.0,125.0
363.5,127.1
364.0,129.2
364.5,137.7
365.0,146.2
365.5,144.45
366.0,142.7
366.5,137.54999
367.0,132.4
367.5,121.95
368.0,111.5
368.5,100.35
369.0,89.2
369.5,102.3
370.0,115.4
370.5,109.350006
371.0,103.3
371.5,108.95
372.0,114.6
372.5,120.25
373.0,125.9
373.5,124.95
374.0,124.0
374.5,107.25
375.0,90.5
375.5,84.6
376.0,78.7
376.5,68.649994
377.0,58.6
377.5,66.6
378.0,74.6
378.5,87.899994
379.0,101.2
379.5,102.399994
380.0,103.6
380.5,103.149994
381.0,102.7
381.5,95.45
382.0,88.2
382.5,95.899994
383.0,103.6
383.5,123.600006
384.0,143.6
384.5,158.05
385.0,172.5
385.5,216.35
386.0,260.2
386.5,231.90001
387.0,203.6
387.5,167.25
388.0,130.9
388.5,157.75
389.0,184.6
389.5,170.20001
390.0,155.8
390.5,134.25
391.0,112.7
391.5,80.1
392.0,47.5
392.5,50.95
393.0,54.4
393.5,73.850006
394.0,93.3
394.5,121.05
395.0,148.8
395.5,162.5
396.0,176.2
396.5,157.7
397.0,139.2
397.5,118.5
398.0,97.8
398.5,110.55
399.0,123.3
399.5,131.85
400.0,140.4
400.5,129.75
401.0,119.1
401.5,125.45
402.0,131.8
402.5,147.5
403.0,163.2
403.5,157.25
404.0,151.3
404.5,146.95001
405.0,142.6
405.5,146.20001
406.0,149.8
406.5,148.0
407.0,146.2
407.5,135.3
408.0,124.4
408.5,109.5
409.0,94.6
409.5,98.05
410.0,101.5
410.5,105.45
411.0,109.4
411.5,93.55
412.0,77.7
412.5,71.5
413.0,65.3
413.5,91.45
414.0,117.6
414.5,121.45
415.0,125.3
415.5,106.600006
416.0,87.9
416.5,92.600006
417.0,97.3
417.5,110.4
418.0,123.5
418.5,141.0
419.0,158.5
419.5,139.5
420.0,120.5
420.5,127.15
421.0,133.8
421.5,124.2
422.0,114.6
422.5,137.75
423.0,160.9
423.5,161.7
424.0,162.5
424.5,224.9
425.0,287.3
425.5,245.7
426.0,204.1
426.5,178.3
427.0,152.5
427.5,141.9
428.0,131.3
428.5,153.45001
429.0,175.6
429.5,182.75
430.0,189.9
430.5,148.29999
431.0,106.7
431.5,122.95
432.0,139.2
432.5,116.95
433.0,94.7
433.5,91.149994
434.0,87.6
434.5,128.6
435.0,169.6
435.5,172.4
436.0,175.2
436.5,134.15
437.0,93.1
437.5,102.25
438.0,111.4
438.5,
439.0,
