SB_DEPTH_cm,SB_DEPTH_pxl,R,R_std,G,G_std,B,B_std,Lumin,Lumin_std
0.050384484,5.0,,,,,,,109.2295150756836,
0.55038446,54.61845,93.921684,11.407546,88.956726,11.39965,60.38958,9.296844,87.94973,11.170826
1.0503844,104.2369,119.57226,12.499841,115.42992,11.821176,86.60841,10.448287,114.22967,11.729884
1.5503844,153.85535,130.11179,12.152266,125.98919,11.532448,95.74014,9.353928,124.68167,11.397924
2.0503843,203.4738,126.97339,7.505591,122.86684,7.075408,93.18347,5.7494316,121.596756,6.916763
2.5503843,253.09224,123.092026,7.106415,118.628006,6.6259985,89.52826,5.9815083,117.47605,6.5038157
3.0503843,302.7107,124.090324,7.651885,120.25292,6.46523,92.824776,5.4263577,119.08845,6.4580283
3.5503843,352.32913,117.782845,14.792513,114.71501,13.7861805,87.78955,11.264977,113.42321,13.702161
4.0503845,401.9476,118.18702,13.76837,114.56741,12.6378565,87.746376,10.401032,113.40047,12.60631
4.5503845,451.56604,113.843544,12.765413,110.49357,11.373465,84.71111,9.111648,109.34428,11.371897
5.050384,501.18448,117.40468,21.294628,114.73003,20.200834,89.39322,17.10346,113.46934,20.133017
5.550384,550.8029,117.25315,23.69885,113.53196,22.39388,87.962875,18.903952,112.477,22.349937
6.050384,600.4214,110.98355,15.502854,107.25303,14.134512,82.086815,11.957884,106.22913,14.1649
6.550384,650.03986,108.4233,13.457921,106.00439,13.133168,82.0697,10.376609,104.790565,12.886429
7.050384,699.65826,112.72242,8.973239,110.086945,8.070565,84.89152,6.2862387,108.82813,7.969618
7.550384,749.27673,117.27817,8.125928,114.82642,7.569751,89.033714,6.0436335,113.48543,7.4227495
8.0503845,798.8952,126.38554,8.034281,123.64001,7.9789557,95.05816,6.5365233,122.160095,7.7339005
8.5503845,848.5137,136.3336,4.97099,132.70251,3.820688,100.587204,3.8465397,131.15576,3.8320332
9.0503845,898.1321,136.17204,4.97644,132.68346,4.4873962,100.393166,4.6847486,131.09377,4.3643756
9.5503845,947.75055,134.61859,7.5920634,130.82939,6.654608,100.15697,6.021519,129.42043,6.665214
10.050384,997.36896,125.51674,5.9457903,120.599236,4.9548693,90.37769,4.8155055,119.4627,4.9259357
10.550384,1046.9874,120.6869,7.454968,116.044655,6.346845,86.2578,6.1900444,114.88098,6.347936
11.050384,1096.6058,115.05043,7.925541,111.03926,6.423248,84.10813,6.10495,109.94761,6.4803514
11.550384,1146.2242,117.09892,8.509162,113.757706,7.247147,88.97642,6.7314186,112.67884,7.2371945
12.050384,1195.8428,125.23884,12.095415,123.89493,11.02304,99.38988,9.853344,122.41138,10.975627
12.550384,1245.4612,123.420265,10.802628,120.13893,9.276136,95.04057,9.01811,119.024445,9.391471
13.050384,1295.0796,135.24797,9.445298,133.51184,8.080365,109.39225,7.6692696,132.13951,8.111727
13.550384,1344.6981,120.39332,10.733276,118.162415,9.461955,96.06631,8.515548,117.04137,9.4759865
14.050384,1394.3165,114.22687,8.115651,112.595535,6.709754,89.30737,6.09117,111.260956,6.7593083
14.550384,1443.935,110.58248,7.5314417,108.84993,6.5718446,84.957375,6.0302353,107.493225,6.555615
15.050384,1493.5535,118.77076,10.835234,116.23026,10.537704,89.625694,8.73398,114.849525,10.341491
15.550384,1543.1719,137.74709,6.5084,133.9164,5.7366185,102.92879,5.436813,132.4935,5.7220793
16.050385,1592.7903,138.40591,5.973473,133.81454,5.604841,102.963356,5.5968585,132.56322,5.493906
16.550385,1642.4089,137.34528,7.653131,132.62744,7.1937566,101.51049,6.673857,131.3838,7.1033936
17.050385,1692.0273,140.25226,6.103699,135.42029,5.2780566,102.91887,5.7852917,134.10097,5.291417
17.550385,1741.6458,139.25594,6.384603,134.00903,5.7806463,101.47207,6.3304744,132.77536,5.7592325
18.050385,1791.2642,139.59927,6.8485794,134.53432,6.4220185,101.370155,6.886951,133.21667,6.351555
18.550385,1840.8826,138.82016,6.887488,133.41025,6.550065,100.33397,7.150039,132.17229,6.4612274
19.050385,1890.5011,137.17699,7.214955,131.89941,6.6000853,99.22367,7.142763,130.66223,6.565506
19.550385,1940.1195,127.85647,7.482471,122.31035,7.4211106,90.972916,7.057223,121.22689,7.233518
20.050385,1989.7379,126.982086,7.9083095,121.227516,8.00755,89.50161,8.07549,120.160324,7.8384933
20.550385,2039.3563,123.10351,7.3832626,117.4344,7.314611,87.34317,6.5061617,116.467064,7.108066
21.050383,2088.9749,121.71753,6.712672,116.079285,6.3959074,86.3034,5.333615,115.12816,6.2033544
21.550383,2138.5933,120.91014,6.0933867,115.60602,5.770235,86.70301,5.0813584,114.64687,5.597999
22.050383,2188.2117,122.61716,7.6646056,118.99686,6.9813266,91.70678,5.981158,117.79619,6.8437967
22.550383,2237.83,119.57412,7.0409975,116.704346,6.277925,91.42647,5.593259,115.489395,6.17657
23.050383,2287.4485,117.54073,6.8737774,114.6801,6.218026,89.889854,5.3538094,113.49841,6.0882316
23.550383,2337.067,115.856964,8.22996,113.5934,7.21561,89.8133,6.285152,112.35771,7.157165
24.050383,2386.6855,118.124855,10.158687,115.670555,9.263641,90.565575,7.756003,114.37976,9.136547
24.550383,2436.304,111.808525,15.05744,110.10265,13.594799,86.88619,10.983768,108.78909,13.579287
25.050383,2485.9224,109.6947,8.596021,108.736496,7.3149033,85.82417,6.324658,107.28595,7.3273344
25.550383,2535.5408,119.65896,8.114684,117.48644,7.0072575,93.44659,6.1448374,116.21265,6.948655
26.050383,2585.1592,124.18453,11.7305155,121.91848,10.537403,95.621086,8.609547,120.50157,10.459045
26.550383,2634.7778,115.41944,11.788224,114.54421,10.981625,90.45447,8.960702,112.991005,10.867967
27.050383,2684.3962,106.03164,13.504249,106.00042,12.300678,84.1891,9.777747,104.43228,12.235137
27.550383,2734.0146,106.42584,15.187028,106.56551,14.021032,83.67163,11.015293,104.88288,13.928663
28.050383,2783.633,116.460976,18.686415,115.161194,17.485308,89.27685,13.191184,113.56867,17.326834
28.550383,2833.2515,131.01086,14.462135,129.29893,13.572687,102.09009,11.839693,127.69841,13.497109
29.050383,2882.87,138.08324,7.0319657,134.67061,6.0977907,102.54673,6.1173406,133.07678,6.10021
29.550383,2932.4885,136.56319,6.8818836,132.78781,5.813498,101.21859,5.3472457,131.31116,5.8439655
30.050383,2982.107,136.67961,5.725229,132.69412,5.017757,101.15998,5.0292754,131.26466,4.9803123
30.550383,3031.7253,135.28625,6.2615128,130.7345,5.9693975,98.955315,5.6865363,129.40775,5.837965
31.050383,3081.3438,134.8394,6.157384,130.31714,5.8407717,98.127815,5.71936,128.9545,5.724856
31.550383,3130.9624,134.21922,5.9302206,129.62329,5.2844434,96.913185,5.2805924,128.23872,5.2229486
32.050385,3180.5806,136.65227,8.429465,132.27545,7.917275,99.19184,7.2093663,130.81734,7.8342423
32.550385,3230.1995,135.91724,6.9271455,131.9408,6.3168902,98.77135,5.92946,130.39136,6.252139
33.050385,3279.8179,136.56012,7.5914116,132.8653,6.5058975,100.49609,5.9619737,131.31375,6.5113864
33.550385,3329.4363,137.73766,6.2646585,134.05203,5.6375575,101.20315,5.541491,132.46391,5.58159
34.050385,3379.0547,136.80771,6.375142,132.6716,5.832837,100.03376,5.789885,131.1945,5.77238
34.550385,3428.673,135.2573,6.8903756,131.512,6.1385775,99.836914,5.4781528,130.0213,6.071284
35.050385,3478.2915,136.86182,6.408268,133.06943,6.011847,101.28606,5.702262,131.58093,5.89904
35.550385,3527.91,134.38869,9.366846,130.4884,8.98721,99.712814,7.8742476,129.09561,8.85957
36.050385,3577.5283,114.68088,23.063328,109.84818,22.963442,82.08571,18.832714,108.87116,22.621593
36.550385,3627.1467,104.32474,18.801865,100.5065,18.926579,72.01039,15.806264,99.26084,18.5919
37.050385,3676.7651,101.60062,20.641325,97.90595,20.691559,70.470985,17.175173,96.71063,20.354086
37.550385,3726.3838,99.68133,15.829121,95.31689,15.346033,68.07887,12.136662,94.27818,15.124208
38.050385,3776.0022,98.157196,16.696491,93.931274,16.101046,66.83409,12.554901,92.87328,15.865534
38.550385,3825.6206,97.67027,13.866607,93.27681,13.168114,65.922295,10.489018,92.235855,12.992419
39.050385,3875.239,98.0894,13.282732,93.96334,12.038608,66.38975,9.040156,92.84973,11.956385
39.550385,3924.8574,92.382034,14.516103,89.077225,13.991446,63.87636,10.600875,87.96032,13.745822
40.050385,3974.4758,94.85607,13.41714,91.78478,12.573459,66.09522,9.634479,90.582954,12.421351
40.550385,4024.0942,96.16947,11.570963,92.649445,10.734032,66.00263,8.406635,91.4739,10.610785
41.050385,4073.7126,98.77839,11.099192,95.53654,10.009589,68.31848,7.873242,94.26061,9.943873
41.550385,4123.331,95.43493,14.795669,91.97539,14.412316,66.163635,13.162062,90.84728,14.261855
42.05038,4172.9497,94.93686,13.550214,91.49915,12.754975,65.4946,9.745684,90.35248,12.583254
42.55038,4222.5684,91.66237,16.42817,89.08617,15.749271,63.61934,11.814604,87.795166,15.514536
43.05038,4272.1865,129.94598,19.412024,127.28466,19.721546,94.404305,16.785618,125.4765,19.379131
43.55038,4321.805,131.51167,18.627592,127.35933,18.62109,94.547874,15.874733,125.87313,18.361252
44.05038,4371.4233,141.20036,19.139034,137.5289,19.288506,104.03864,15.412271,135.89146,18.925774
44.55038,4421.042,150.32085,5.1019444,146.57892,4.8477106,111.638725,4.7593694,144.85178,4.7147965
45.05038,4470.66,150.38394,5.47581,146.63872,5.1507316,111.62844,4.8996944,144.90721,5.0260587
45.55038,4520.279,151.41713,5.0093317,147.6453,4.797598,112.472244,5.0234256,145.9077,4.6618485
46.05038,4569.897,151.70341,4.6684494,148.56366,4.201588,113.646324,4.267797,146.71014,4.079797
46.55038,4619.5156,153.80872,4.536499,150.23555,4.170627,115.14458,4.325903,148.46164,4.028963
47.05038,4669.134,154.22395,4.550642,150.78119,4.2313733,115.52167,4.442558,148.96738,4.0851903
47.55038,4718.753,153.82687,4.389297,150.42854,3.960507,115.46089,4.153328,148.62637,3.8366673
48.05038,4768.371,152.64044,4.2590313,149.38338,3.9419115,114.44978,4.1384406,147.55362,3.7877853
48.55038,4817.9897,156.40082,4.7271237,151.8178,4.242535,116.10768,4.3203583,150.21388,4.112987
49.05038,4867.608,153.83803,5.160478,150.22102,4.6261716,115.59845,4.315726,148.49025,4.516908
49.55038,4917.2266,151.89009,4.2178054,147.87108,3.9309232,113.66085,4.112545,146.25554,3.7715058
50.05038,4966.8447,151.3246,4.370951,147.42496,4.263112,112.845505,4.202109,145.75739,4.0512023
50.55038,5016.4634,150.62817,4.7964044,146.63512,4.870799,112.08846,4.800362,144.98978,4.637874
51.05038,5066.0815,152.71155,9.692302,148.54634,9.361225,113.08614,7.3762493,146.87164,9.110235
51.55038,5115.7,151.90376,5.016511,147.60132,4.8457103,112.866615,4.5365715,146.00816,4.645613
52.05038,5165.3184,151.4632,5.4112062,146.63898,5.400284,111.65073,5.0679197,145.13844,5.1951275
52.55038,5214.9375,147.57263,5.9579024,142.57884,6.228711,108.611206,5.5135107,141.18806,5.9573374
53.05038,5264.5557,147.07664,5.4725413,142.00813,5.4793887,107.6876,4.946608,140.60776,5.258943
53.55038,5314.1743,144.90346,6.745404,138.59769,6.9393597,105.257675,6.0189734,137.53113,6.6698055
54.05038,5363.7925,138.37784,6.1709876,132.79163,6.520249,101.47518,5.6638527,131.7182,6.2111435
54.55038,5413.411,138.63557,8.096485,133.76921,8.372519,103.607925,7.101706,132.62616,8.07076
55.05038,5463.0293,146.55832,8.932715,141.60614,8.877965,107.76394,7.1687026,140.21558,8.619203
55.55038,5512.648,139.45859,6.969319,134.90642,6.919638,103.02958,5.77337,133.5727,6.690991
56.05038,5562.266,144.80058,9.894746,140.51558,9.875529,108.4141,7.4013987,139.10886,9.572824
56.55038,5611.885,129.5975,18.925749,125.35295,19.368935,96.5019,16.024874,124.172295,18.945507
57.05038,5661.503,109.628654,14.056851,105.93114,13.742176,80.62662,11.860131,104.890236,13.559131
57.55038,5711.1216,112.200005,14.326611,108.051575,14.131977,82.59951,12.463706,107.095894,13.930755
58.05038,5760.74,103.90004,14.68422,100.15878,14.553167,75.311775,12.3053665,99.16022,14.297615
58.55038,5810.3584,109.65706,12.961567,105.92181,12.597294,80.20168,10.831328,104.85893,12.422993
59.05038,5859.977,115.24999,15.221127,111.36654,14.830964,84.602554,11.954631,110.259796,14.592873
59.55038,5909.595,106.73787,15.358549,103.16572,15.05258,78.0487,11.902177,102.11171,14.770973
60.05038,5959.214,112.084305,15.14255,109.078926,14.500214,82.96259,11.393661,107.832275,14.304276
60.55038,6008.832,121.93344,13.930735,118.74899,12.958413,90.181725,10.504075,117.36345,12.884617
61.05038,6058.4507,126.74449,16.492445,123.05631,15.063358,93.63328,11.7016735,121.71608,15.036615
61.55038,6108.069,130.65338,15.644982,127.04861,14.042868,97.18195,10.621275,125.65861,14.038985
62.05038,6157.6875,131.33804,14.025161,127.50677,12.513433,96.777596,9.826356,126.102646,12.525294
62.55038,6207.306,131.41245,15.5690365,127.4241,14.36911,96.31907,11.388617,126.02624,14.311248
63.05038,6256.925,133.95157,15.146509,129.61691,13.593589,98.27798,10.740258,128.27579,13.623069
63.55038,6306.543,133.08244,13.50553,128.76526,12.180885,97.88261,9.063015,127.45336,12.125914
64.050385,6356.161,135.31497,9.485332,130.2696,8.065066,98.79377,6.0941873,129.0697,8.089783
64.550385,6405.7793,132.2305,11.677598,127.40055,10.001545,96.15608,7.0241766,126.17155,10.022988
65.050385,6455.399,129.91208,15.006861,124.98283,13.453268,93.98081,9.527585,123.79244,13.399663
65.550385,6505.017,132.27283,9.637754,127.47258,7.828246,95.864426,5.3193655,126.211,7.8730717
66.050385,6554.6357,135.67377,9.302597,130.38832,8.137534,98.12503,5.6712193,129.18259,8.041878
66.550385,6604.254,139.866,6.4934063,134.71922,5.81146,101.34571,5.449581,133.40387,5.7141805
67.050385,6653.8726,140.67061,6.37873,134.7096,5.601874,100.39331,4.7271504,133.49927,5.5118375
67.550385,6703.4907,140.38802,6.312423,134.55853,5.650476,100.23877,4.8554187,133.31999,5.532156
68.050385,6753.1094,141.44176,5.8546085,135.17116,5.3897777,100.389114,4.806995,133.99303,5.2469964
68.550385,6802.7275,140.48285,8.677611,134.2156,7.9434237,100.48855,6.8646812,133.11293,7.86346
69.050385,6852.346,144.42128,6.4471183,138.11145,6.3282204,103.1239,5.987187,136.92682,6.1528053
69.550385,6901.9644,144.98592,5.9975896,138.61412,6.0106816,104.24523,5.745437,137.48734,5.8123064
70.050385,6951.583,145.95009,6.4662037,140.19641,6.288946,106.18538,5.8760424,138.96405,6.1092935
70.550385,7001.201,144.19844,6.3911204,138.21051,6.2994857,104.92044,5.952463,137.08,6.1114573
71.050385,7050.82,149.16028,7.2900453,144.01892,7.551686,109.94003,7.169913,142.65147,7.3166175
71.550385,7100.438,152.4878,6.385778,147.37451,6.0658383,112.81343,5.932186,145.9663,5.938911
72.050385,7150.0566,151.16533,7.8365006,146.1667,7.8390594,112.38773,6.3309755,144.79057,7.553548
72.550385,7199.675,151.44969,6.737863,146.45456,6.835,112.14859,6.268326,145.03963,6.5818553
73.050385,7249.2935,149.34418,6.663161,144.15321,6.330038,108.91699,5.8283815,142.71275,6.1817975
73.550385,7298.9116,152.38875,6.8981476,147.41714,6.755687,111.49591,6.613349,145.88058,6.5873113
74.050385,7348.5303,155.51282,7.4933443,150.5036,6.7485557,114.248634,5.9631734,148.95096,6.6604805
74.550385,7398.1484,154.52852,5.556221,149.07129,5.050727,112.513916,5.3263144,147.59206,4.9498177
75.050385,7447.7676,154.1847,4.8104167,148.57288,4.3645844,111.80311,4.457282,147.11118,4.2322407
75.550385,7497.386,154.50906,4.8878565,148.6573,4.6917562,111.51943,4.9514446,147.22003,4.5610533
76.050385,7547.0044,152.9736,4.901824,146.80725,4.5266824,110.40587,4.640097,145.49004,4.41709
76.550385,7596.623,152.42323,5.684832,146.3654,5.0938106,110.068474,5.3313117,145.03265,5.0656314
77.050385,7646.241,151.68509,4.356183,145.60631,4.0026727,108.77859,4.325221,144.23969,3.8797162
77.550385,7695.86,151.0727,4.151356,144.98917,3.9775333,108.115654,4.2252755,143.62027,3.800497
78.050385,7745.478,152.89398,4.38867,146.8419,4.2423706,109.80087,4.5045547,145.45421,4.0791607
78.550385,7795.0967,156.7396,4.355934,150.63387,4.2326555,112.891,4.418955,149.20692,4.036442
79.050385,7844.715,154.53214,5.330578,148.23108,4.9566655,110.53111,4.8674293,146.84874,4.8420224
79.550385,7894.3335,148.79721,4.58515,141.90242,4.524112,104.91322,4.84969,140.69763,4.3623567
80.050385,7943.9517,150.51396,4.8617353,143.18669,4.676659,105.50488,4.6927886,142.02383,4.5133615
80.550385,7993.5703,148.02339,4.5230975,140.36433,4.795691,102.43504,4.9488697,139.25415,4.527647
81.050385,8043.1885,152.71274,5.334346,145.60063,5.758791,107.62074,5.9285684,144.37051,5.48559
81.550385,8092.807,153.60341,5.4571695,146.45033,5.3014145,108.49914,5.300251,145.231,5.1095843
82.050385,8142.4253,153.52226,4.915247,145.95366,4.9394956,107.95461,5.1131907,144.81921,4.7271843
82.550385,8192.044,152.45705,4.834487,145.08629,4.791973,107.53667,4.7508173,143.94223,4.576768
83.050385,8241.662,156.0759,5.4032526,148.46632,5.000009,110.612724,4.8280163,147.35109,4.857325
83.550385,8291.28,158.99863,6.1099577,151.88374,6.2647614,115.05229,6.0824842,150.73714,6.0277057
84.050385,8340.899,163.36621,6.417386,156.0324,6.7089825,121.097885,6.6394477,155.06929,6.4650197
84.550385,8390.518,144.87584,12.248133,137.20667,11.406633,102.76563,10.568753,136.3505,11.40962
85.05038,8440.137,134.41849,9.351304,127.06809,8.850909,94.261696,7.792409,126.26216,8.739845
85.55038,8489.755,125.46354,12.561752,118.470375,11.700986,86.88701,9.518499,117.6768,11.599401
86.05038,8539.373,129.85268,7.92665,123.32348,7.3568873,91.14121,6.641744,122.38802,7.273346
86.55038,8588.992,116.101105,12.668541,110.71353,11.676612,83.09911,9.346242,109.865166,11.596815
87.05038,8638.61,125.98857,17.936129,122.005356,17.401346,92.41851,14.143148,120.71602,17.202242
87.55038,8688.229,140.00952,8.071094,135.0546,6.948009,101.77355,6.976596,133.70512,7.0317245
88.05038,8737.847,,,,,,,136.74241638183594,
88.55038,8787.466,,,,,,,135.06692504882812,
89.05038,8837.084,,,,,,,133.0667724609375,
89.55038,8886.702,,,,,,,138.79624938964844,
90.05038,8936.32,,,,,,,134.32830810546875,
90.55038,8985.939,,,,,,,134.32830810546875,
91.05038,9035.558,,,,,,,134.34124755859375,
91.55038,9085.176,,,,,,,134.361572265625,
92.05038,9134.794,,,,,,,134.02806091308594,
92.55038,9184.413,,,,,,,136.35873413085938,
93.05038,9234.031,151.9297,8.458029,147.1066,8.309759,111.35674,7.9894094,145.55086,8.163306
93.55038,9283.649,148.31099,9.59826,143.24763,9.242298,107.459724,8.48233,141.74022,9.103938
94.05038,9333.268,146.75229,10.142428,141.63432,10.0235405,106.73646,9.462364,140.20277,9.847735
94.55038,9382.887,142.50246,8.274814,137.59529,7.8021626,103.124825,7.1771355,136.14978,7.6753435
95.05038,9432.506,143.32156,7.826167,138.66814,7.237017,105.297035,6.141732,137.24806,7.1043515
95.55038,9482.124,146.60036,8.724725,141.91402,8.5786915,110.98472,8.332618,140.67725,8.418696
96.05038,9531.742,144.25073,7.1108146,138.7475,6.854465,107.75146,6.636639,137.67957,6.7248144
96.55038,9581.361,139.43166,6.3220353,133.46928,5.9361634,101.73423,5.2797704,132.44562,5.7965984
97.05038,9630.9795,140.16103,6.9797015,134.30351,7.0819564,102.538506,7.0275044,133.25539,6.9090843
97.55038,9680.598,149.5734,8.694112,143.74487,8.045283,111.195305,7.1435065,142.63394,7.961669
98.05038,9730.216,136.39073,12.34401,131.48538,11.408089,101.33314,9.815355,130.35127,11.36402
98.55038,9779.835,139.29979,6.2897816,135.06648,6.1974735,103.57124,5.3589945,133.69252,5.957122
99.05038,9829.453,144.03577,6.5087724,139.64273,6.296613,107.29423,6.0169888,138.24113,6.1247272
99.55038,9879.071,142.93501,6.5098114,138.36176,6.451821,105.25466,6.0870814,136.9437,6.2502313
100.05038,9928.689,145.3666,7.235693,141.33566,7.0250964,108.086494,6.781931,139.79205,6.8471756
100.55038,9978.309,146.25113,6.4001255,142.31235,6.2250504,108.92887,5.9904156,140.73944,6.0137386
101.05038,10027.927,145.90332,6.5536957,141.97627,6.129234,108.49261,5.8641295,140.39365,5.96639
101.55038,10077.545,147.02911,6.824545,142.08275,6.5448165,107.70672,6.054731,140.65239,6.3864
102.05038,10127.163,148.90717,7.7849,145.09637,7.2742686,110.93056,6.820951,143.43979,7.137677
102.55038,10176.782,150.94693,9.4862175,147.03801,9.265529,112.103226,9.028774,145.34676,9.1196165
103.05038,10226.4,152.67717,9.7764845,148.3102,9.368982,113.89241,8.465197,146.75365,9.229094
103.55038,10276.019,150.98193,8.066985,146.7972,7.343342,111.93278,6.441632,145.16965,7.269044
104.05038,10325.637,145.70622,9.367151,142.16818,9.1629,108.83333,8.477697,140.51358,8.986031
104.55038,10375.256,140.16826,5.359787,134.96675,5.1864233,101.867584,5.1303883,133.68283,5.010512
105.05038,10424.875,140.79791,4.1250606,135.24606,4.046637,100.77599,4.346916,133.93764,3.862657
105.55038,10474.493,141.53114,5.0757403,136.43329,4.965049,102.331,5.023585,135.05492,4.811539
106.05038,10524.111,145.24211,5.774118,140.06528,5.4984603,105.67402,5.479177,138.68282,5.383534
106.55038,10573.7295,146.1695,6.462983,141.18378,5.906189,106.48017,5.650853,139.73814,5.830183
107.05038,10623.349,146.09076,6.211075,141.22086,5.719674,106.30841,5.5832343,139.73552,5.647585
107.55038,10672.967,150.36545,4.761154,144.8282,4.587192,108.512474,4.786536,143.38342,4.4364057
108.05038,10722.585,153.74857,4.464007,148.40009,4.329333,111.9837,4.402658,146.90791,4.1575837
108.55038,10772.203,154.25473,4.334855,148.87184,4.568552,112.04435,4.717222,147.3573,4.33095
109.05038,10821.822,155.84282,4.562693,150.42535,4.5383363,114.05248,4.5092826,148.95097,4.3464956
109.55038,10871.44,156.342,4.3328085,151.0351,4.4999347,114.36985,4.4973683,149.51611,4.2694044
110.05038,10921.059,157.38147,4.3296547,152.26482,4.527137,115.90231,4.488891,150.72723,4.2715015
110.55038,10970.677,157.31012,5.1003733,152.11967,5.1386137,115.89442,4.9128203,150.60771,4.9215355
111.05038,11020.296,155.59059,8.7118,150.20354,8.990323,112.93333,8.478493,148.65793,8.75099
111.55038,11069.914,157.01573,4.9101605,152.02359,5.039852,115.340256,4.9649243,150.43639,4.8007216
112.05038,11119.532,153.31033,5.644481,148.0868,5.850632,111.64294,5.4292865,146.56607,5.600742
112.55038,11169.15,156.57372,6.52404,151.73543,6.824496,115.74108,6.465269,150.16525,6.578628
113.05038,11218.77,150.81656,7.0756645,145.53983,6.7538667,111.63566,6.2199993,144.21378,6.629164
113.55038,11268.388,143.65997,7.9034743,137.92775,7.799646,104.94958,7.4720664,136.7654,7.65683
114.05038,11318.006,146.49811,7.8902917,141.19496,7.646578,109.998116,7.008548,140.07,7.508208
114.55038,11367.624,134.85292,9.791221,130.42953,9.209609,101.55416,8.03503,129.28516,9.126933
115.05038,11417.243,126.5568,10.645152,122.90331,10.48235,95.04652,9.061374,121.668785,10.275627
115.55038,11466.862,126.96088,10.438111,123.13585,10.151,94.46695,8.782944,121.87916,9.98478
116.05038,11516.48,137.36981,11.311512,133.00381,10.775219,101.77884,8.69888,131.67758,10.638121
116.55038,11566.099,137.61053,13.558214,133.31087,12.99548,102.057945,9.499043,131.9685,12.776035
117.05038,11615.717,146.9679,5.4390583,141.66925,5.212105,107.126465,5.1042666,140.30174,5.0868387
117.55038,11665.336,147.03258,4.58732,141.72705,4.3077397,106.696556,4.578387,140.32579,4.1847095
118.05038,11714.954,147.96153,5.4295764,143.23854,5.3634686,108.342155,5.394095,141.72311,5.1905475
118.55038,11764.572,149.03406,5.1232805,143.98532,4.942095,108.90575,5.090452,142.52594,4.786813
119.05038,11814.19,147.23972,5.2110786,142.43202,5.17573,107.36104,5.4081097,140.92201,4.9949718
119.55038,11863.81,150.39029,5.5546684,145.80392,5.4737444,110.40649,5.3536787,144.2233,5.27831
120.05038,11913.428,152.40686,5.3751726,147.42706,5.3406105,111.079094,5.1359854,145.86143,5.114295
120.55038,11963.046,150.33034,5.941025,144.98059,5.8808484,109.17167,5.5949316,143.53253,5.7004914
121.05038,12012.664,150.35838,5.4219,144.77565,5.4114594,108.6752,5.292708,143.3561,5.2220125
121.55038,12062.283,152.11899,6.027219,146.65996,6.187421,110.68371,5.6851583,145.22305,5.9729853
122.05038,12111.901,156.522,6.019169,151.50206,6.1179976,114.852936,5.3312,149.92323,5.876679
122.55038,12161.52,156.59595,5.8353467,151.63457,6.035419,114.92099,5.900693,150.03864,5.7975235
123.05038,12211.138,155.30815,5.4009376,150.66475,5.497714,114.75797,5.3520746,149.05948,5.252537
123.55038,12260.757,155.30731,5.8870974,150.91293,5.874526,114.80345,5.83491,149.24008,5.672973
124.05038,12310.375,159.8837,5.428655,155.00243,5.327276,118.66505,5.584032,153.41663,5.164007
124.55038,12359.993,160.51454,6.351158,155.44698,6.1914926,120.284454,6.1286783,153.9856,6.028058
125.05038,12409.612,157.47818,7.239354,152.69978,7.003251,119.273155,6.5829916,151.30228,6.8415103
125.55038,12459.231,150.35701,7.803494,144.29884,7.6589847,111.905594,7.597302,143.24802,7.533484
126.05038,12508.85,112.356186,9.784709,105.39514,9.412997,75.347374,7.9916635,104.70561,9.275678
126.55038,12558.468,133.35222,10.322903,128.55042,9.569647,99.19158,8.903341,127.45157,9.575953
127.05038,12608.086,123.123405,6.792512,118.94252,6.262489,94.44753,6.1738296,118.062836,6.2013564
127.55038,12657.705,117.05752,9.441545,113.78754,8.690059,89.690155,7.809525,112.742905,8.637838
128.05038,12707.322,133.8827,11.865021,130.13268,10.457591,101.211044,8.222371,128.84178,10.498972
128.55038,12756.94,147.41454,5.6938148,142.34222,4.9782314,112.5309,5.252485,141.26822,4.963922
129.05038,12806.56,143.89125,5.687554,138.10269,5.206266,108.09932,5.307162,137.16708,5.14316
129.55038,12856.178,140.15771,5.4273744,134.33351,5.213987,103.93962,5.2261558,133.3773,5.0720963
130.05038,12905.798,140.38371,6.3191667,134.448,6.207192,103.380875,6.219881,133.46689,6.0657635
130.55038,12955.416,138.71686,5.5311837,132.70338,5.6440396,101.60256,5.5536113,131.73636,5.4425597
131.05038,13005.034,138.2766,7.051959,132.24959,6.8916364,101.97434,6.918194,131.34505,6.763594
131.55038,13054.652,136.13281,6.499864,129.86781,6.1967735,98.70283,5.9360003,128.94965,6.0484686
132.05038,13104.271,136.58043,5.5091834,129.9245,5.598291,99.40836,4.9318757,129.13629,5.345186
132.55038,13153.89,133.13884,5.7434354,126.69462,5.738117,97.02197,4.920607,125.922295,5.5111094
133.05038,13203.508,131.87721,8.575586,125.94117,8.419886,96.26292,6.608366,125.0604,8.183691
133.55038,13253.126,132.3909,8.456383,127.18304,8.531353,98.64268,7.7774944,126.229614,8.319713
134.05038,13302.745,132.48103,7.6788006,127.38135,7.413991,99.6283,6.317121,126.46177,7.213544
134.55038,13352.363,134.17314,8.557284,129.02539,8.343491,101.627686,6.9406643,128.1417,8.134316
135.05038,13401.981,128.65855,9.647812,124.36946,9.503981,97.531944,8.051145,123.34365,9.272284
135.55038,13451.6,133.60204,7.488476,128.24953,6.953728,99.7346,5.585227,127.32869,6.7667108
136.05038,13501.219,132.95285,7.861764,127.91648,7.976915,99.98191,6.1970873,126.970345,7.6615505
136.55038,13550.837,,,,,,,98.9329071044922,
137.05038,13600.455,,,,,,,93.99427032470705,
137.55038,13650.073,,,,,,,94.50725555419922,
138.05038,13699.692,,,,,,,94.09158325195312,
138.55038,13749.311,92.855515,10.144967,92.40761,10.0931835,70.45798,8.447625,90.91807,9.845399
139.05038,13798.929,93.306244,7.6259456,92.88194,7.388624,70.5056,6.5173345,91.356575,7.207103
139.55038,13848.547,89.73069,8.818911,89.48383,8.812765,68.18246,7.849057,87.99835,8.585281
140.05038,13898.166,88.817444,10.670962,88.24127,10.519135,65.736946,8.292892,86.73895,10.230082
140.55038,13947.784,89.10157,8.727682,88.34871,8.597122,65.91766,7.364575,86.889244,8.383539
141.05038,13997.402,82.954544,8.051164,82.5033,7.608361,61.200016,6.286124,81.061134,7.4185576
141.55038,14047.0205,85.17322,9.804651,84.54877,9.492968,62.589367,7.859827,83.096054,9.281083
142.05038,14096.64,98.316826,12.948846,96.83545,12.25213,73.08714,10.230911,95.43576,12.123731
142.55038,14146.258,108.51353,14.51678,106.77863,13.987,80.68696,11.427045,105.26365,13.799501
143.05038,14195.876,105.3399,18.026571,103.08103,17.686083,77.18757,14.665197,101.69176,17.449276
143.55038,14245.494,92.03969,14.993366,89.14725,13.878745,64.7617,10.794073,88.00155,13.789443
144.05038,14295.113,77.758194,12.229663,76.940445,11.017184,56.173954,8.47812,75.61495,10.952032
144.55038,14344.731,105.172386,15.101184,104.83803,14.015578,77.22346,10.95886,102.915344,13.928016
145.05038,14394.35,131.27725,4.7429843,128.54855,4.0323143,95.854935,3.8461602,126.7682,4.021326
145.55038,14443.968,133.53758,5.0631227,130.05037,4.066645,96.65457,3.463036,128.38057,4.1020823
146.05038,14493.587,132.20004,6.2276516,128.43921,5.447617,95.13132,4.6914043,126.83393,5.444491
146.55038,14543.205,132.597,5.191454,128.73703,4.302631,95.15237,3.7012832,127.13284,4.3124065
147.05038,14592.823,131.48444,5.040878,128.04922,4.2818513,94.73133,3.8281724,126.37399,4.26127
147.55038,14642.441,131.71164,4.8600516,127.71644,4.1584187,94.16201,3.7423797,126.14319,4.128518
148.05038,14692.061,129.98132,5.0401807,125.6814,4.389995,92.32735,3.955215,124.1874,4.3524003
148.55038,14741.679,129.74884,4.7715096,125.59554,4.091275,92.93087,3.7339141,124.12014,4.052879
149.05038,14791.297,130.99417,5.1050725,126.603294,4.2801104,93.895874,3.9205847,125.17532,4.274914
149.55038,14840.915,127.97212,6.334453,123.51824,5.628365,92.53815,4.5982914,122.22837,5.565006
150.05038,14890.535,128.44485,5.7611804,124.40257,5.032196,93.28501,4.1487947,123.015274,4.997394
150.55038,14940.153,130.12894,4.8057714,125.82599,4.0871015,94.25008,3.4159734,124.46102,4.04735
151.05038,14989.772,128.79951,5.3072863,124.171234,4.6020565,93.07167,3.7433946,122.90982,4.558973
151.55038,15039.391,128.04793,4.8723264,123.61194,4.2938776,92.810844,3.7636898,122.33119,4.243501
152.05038,15089.009,127.26374,5.66619,122.78601,5.576708,91.61136,4.777059,121.48717,5.408941
152.55038,15138.627,127.45126,6.267833,123.18482,5.94803,92.38168,5.0662136,121.867874,5.826292
153.05038,15188.246,122.6863,7.274318,118.72255,7.012217,89.64763,6.2631874,117.46603,6.8996453
153.55038,15237.864,109.65071,15.6366415,106.63965,15.890268,79.63132,13.236355,105.3298,15.561919
154.05038,15287.482,116.608635,17.866335,112.9879,18.37841,82.7037,15.991615,111.57115,18.059013
154.55038,15337.101,112.64522,20.051636,109.12042,20.36394,79.81074,17.251049,107.75363,20.032892
155.05038,15386.72,111.21601,20.935919,107.788864,21.20417,78.35063,18.166811,106.39204,20.880299
155.55038,15436.338,113.16598,19.938116,110.007195,20.441315,79.9158,17.7365,108.50616,20.096508
156.05038,15485.956,119.105705,16.774614,116.005974,17.031109,84.640854,15.141918,114.40041,16.78128
156.55038,15535.575,128.06232,12.249206,124.77831,12.109794,91.421936,10.252325,123.06816,11.930419
157.05038,15585.193,134.23807,4.8172526,130.3029,4.4113364,95.88675,3.8223882,128.65468,4.3081
157.55038,15634.812,130.84618,9.090634,126.74628,9.10624,93.31714,8.2340555,125.20433,8.958883
158.05038,15684.43,121.49132,16.158724,117.16457,16.757845,85.87849,14.07873,115.825584,16.388615
158.55038,15734.049,117.21847,19.1204,112.97376,19.444326,83.49295,16.36104,111.74767,19.109364
159.05038,15783.667,119.311806,14.393558,115.46023,14.46907,86.139946,12.823321,114.16215,14.2828
159.55038,15833.285,128.62654,13.24636,125.288666,13.451601,94.69232,11.822145,123.789246,13.226968
160.05038,15882.903,134.26718,7.3953385,130.29259,7.316926,98.01209,7.2631426,128.80693,7.230703
160.55038,15932.522,120.11076,9.293712,116.03403,8.447411,86.25687,7.3993793,114.75083,8.458094
161.05038,15982.141,106.42515,12.663886,103.29749,12.093051,76.81681,10.001967,102.05053,11.979329
161.55038,16031.759,105.607735,9.107353,103.64789,8.613411,78.0868,7.3036366,102.21904,8.502782
162.05038,16081.377,108.41498,8.664602,106.974304,8.145134,81.546326,6.9854093,105.44469,8.06787
162.55038,16130.996,136.04259,4.2981653,132.9622,3.8026955,99.6321,3.265839,131.21068,3.7040353
163.05038,16180.614,135.94179,4.399847,132.1917,3.9747922,98.475975,3.5463512,130.5547,3.8638456
163.55038,16230.232,138.88063,5.0785937,135.41489,4.3257594,100.72416,3.5059352,133.64703,4.278073
164.05038,16279.851,138.50287,4.81558,134.85033,4.1463914,99.72942,3.4483192,133.09114,4.089013
164.55038,16329.47,136.87604,4.673737,132.9409,4.0553536,97.3742,3.70785,131.2096,4.0128636
165.05038,16379.088,137.56647,5.0774326,133.80858,4.423275,98.48328,3.8542483,132.057,4.3827024
165.55038,16428.707,138.88405,4.870081,135.04866,4.232851,100.15817,3.7607055,133.34497,4.186459
166.05038,16478.324,136.9144,5.6506186,133.18008,5.144796,98.588486,4.147935,131.47649,5.0522556
166.55038,16527.943,134.19133,5.742474,129.99812,5.1354847,95.849045,4.321856,128.42404,5.0704994
167.05038,16577.56,130.8125,5.9968777,126.584236,5.3120375,93.79165,4.3199573,125.11554,5.25463
167.55038,16627.18,128.99568,5.246072,124.71891,4.9399137,92.41563,4.3237567,123.29585,4.8261433
168.05038,16676.799,128.84364,3.7257993,124.23429,3.4195793,92.08391,3.2452693,122.892975,3.2953045
168.55038,16726.416,129.61536,4.1686807,125.17189,3.7378788,92.87666,3.5241709,123.78485,3.64738
169.05038,16776.035,131.00162,4.243303,126.6573,3.7905126,94.174286,3.5023248,125.23563,3.6919734
169.55038,16825.654,131.03233,3.7182372,126.60331,3.272507,94.34743,3.2938015,125.21605,3.1597028
170.05037,16875.273,132.31512,3.8449566,127.89557,3.5370014,95.53184,3.3809397,126.498505,3.4044435
170.55037,16924.893,134.20679,4.4900436,129.41644,4.232621,96.70129,3.7545187,128.07283,4.105938
171.05037,16974.51,134.43524,4.7644997,129.6982,4.000335,97.38775,3.3338203,128.37248,3.941614
171.55037,17024.129,133.24727,4.593205,128.27206,4.1063833,96.44589,3.6825995,127.03194,3.9915898
172.05037,17073.746,135.14528,4.484236,130.3984,4.0218053,97.98241,4.1780157,129.06715,3.942491
172.55037,17123.365,131.42409,7.0881395,126.5356,6.492255,93.82912,5.7673955,125.213486,6.4492254
173.05037,17172.984,132.00455,4.5977244,126.88584,3.8548684,94.21493,3.5542727,125.615234,3.8099587
173.55037,17222.602,131.62437,5.230184,126.40151,4.5335126,93.75797,3.7396169,125.15504,4.4954786
174.05037,17272.22,131.39244,4.873468,126.34896,4.280987,94.132996,3.8701694,125.095215,4.2324243
174.55037,17321.84,131.12033,4.858996,125.88392,4.201509,93.49971,3.8408864,124.65904,4.148648
175.05037,17371.457,130.88187,5.2222958,125.420975,4.6180725,93.55873,4.23286,124.28151,4.584673
175.55037,17421.076,131.5855,5.395972,126.91789,4.7591076,94.671974,4.17714,125.58207,4.7267046
176.05037,17470.693,132.513,4.5997386,128.03804,3.9340374,95.608246,3.7585645,126.64799,3.9026592
176.55037,17520.312,116.28084,10.422877,112.86306,9.813873,84.30146,8.528421,111.52753,9.724701
177.05037,17569.932,93.94216,7.240919,92.37231,6.82333,68.29323,5.66649,90.967545,6.6709743
177.55037,17619.549,96.62887,7.524108,95.339676,7.0761375,70.87771,6.154652,93.8476,6.9726076
178.05037,17669.168,110.78099,11.532263,109.003204,10.58537,79.78953,8.061881,107.271935,10.492947
178.55037,17718.787,122.278046,11.524734,119.39771,11.300774,86.034454,9.6507635,117.60124,11.140872
179.05037,17768.404,119.383095,13.231174,116.30536,13.239706,83.59092,11.236902,114.5977,13.00606
179.55037,17818.023,132.73807,6.7272105,129.92313,6.197343,94.50537,5.4576435,127.96442,6.1296005
180.05037,17867.64,133.72409,5.876763,130.98997,4.9901867,95.482056,4.2930346,129.00758,4.9830093
180.55037,17917.26,134.09445,6.02544,131.38535,5.1199164,96.20172,4.3665423,129.42104,5.1269684
181.05037,17966.879,132.26762,5.7399793,129.36684,4.8433175,94.65011,4.119778,127.477,4.8275
181.55037,18016.496,132.07152,5.654891,128.90817,4.8321586,93.68015,4.3659534,127.03723,4.8119383
182.05037,18066.115,132.1431,5.5983377,128.88586,4.9258676,93.57938,4.3191547,127.02923,4.8617916
182.55037,18115.734,132.5191,6.053609,129.56984,5.2167826,94.22421,4.7435713,127.6449,5.196998
183.05037,18165.352,128.42113,6.920585,125.04445,6.1808405,90.73115,5.1949773,123.28491,6.133451
183.55037,18214.97,127.394135,7.8557706,124.54681,7.0715528,91.28241,6.225475,122.75046,7.053095
184.05037,18264.588,102.02039,19.494066,98.67312,19.47541,70.47271,15.570996,97.34868,19.136202
184.55037,18314.207,94.1145,19.511166,91.322205,19.177183,63.7622,14.984341,89.92602,18.871294
185.05037,18363.826,91.26132,15.955395,88.6488,15.897162,61.39577,13.004909,87.23656,15.612142
185.55037,18413.443,118.86806,13.844802,116.28513,13.413798,82.66875,10.961419,114.40716,13.231022
186.05037,18463.062,125.6724,7.487398,122.86911,6.8253284,89.06079,5.9636164,121.024124,6.7529635
186.55037,18512.682,126.013374,10.236605,123.75252,9.120305,92.0456,7.3632245,121.94394,9.121097
187.05037,18562.299,116.042816,9.277748,115.21138,8.77766,86.158005,7.5086956,113.2905,8.652383
187.55037,18611.918,116.604126,8.519494,115.845314,7.8665133,86.447395,6.8445296,113.88411,7.7891984
188.05037,18661.535,98.29641,12.989568,97.41649,12.2259445,71.6616,9.747626,95.74406,12.086944
188.55037,18711.154,,,,,,,105.24423217773438,
189.05037,18760.773,,,,,,,111.58389282226562,
189.55037,18810.39,,,,,,,119.85989379882812,
190.05037,18860.012,,,,,,,122.14131927490234,
190.55037,18909.629,,,,,,,133.65740966796875,
191.05037,18959.248,,,,,,,133.07496643066406,
191.55037,19008.867,,,,,,,133.94461059570312,
192.05037,19058.484,,,,,,,134.25918579101562,
192.55037,19108.104,150.54616,9.495727,151.40704,9.624308,116.40676,8.29461,148.697,9.401181
193.05037,19157.723,150.04317,6.951128,151.09036,6.934345,119.81278,6.341386,148.60948,6.743043
193.55037,19207.34,151.20021,7.09814,153.20174,7.0022464,122.24577,6.429846,150.54118,6.846887
194.05037,19256.959,141.66743,8.979539,142.88344,8.762287,111.439545,7.9812346,140.35468,8.656606
194.55037,19306.576,144.45114,6.8704,146.1635,6.4361796,114.34911,6.101401,143.50246,6.390511
195.05037,19356.195,142.59686,5.6726604,143.62135,5.2491317,112.77005,4.871899,141.17607,5.1764193
195.55037,19405.814,140.59181,5.018469,141.76295,4.5104327,111.0193,4.147168,139.29428,4.4463434
196.05037,19455.432,139.06189,6.7004504,140.54352,6.1516147,110.42241,5.552813,138.05377,6.1128964
196.55037,19505.05,129.0933,11.135045,130.40213,11.370618,102.340385,9.388735,128.09781,11.093582
197.05037,19554.67,131.21008,9.676978,132.70882,9.340715,103.98562,7.9128194,130.31638,9.185577
197.55037,19604.287,131.86594,8.382325,132.05006,7.3724256,101.13313,5.866595,129.77872,7.3198457
198.05037,19653.906,134.4504,6.284646,134.26155,5.258531,100.82263,4.789827,131.8874,5.247076
198.55037,19703.523,132.14003,7.5731688,131.38052,6.1783695,97.268074,4.7729654,129.07909,6.1890445
199.05037,19753.143,134.58452,6.6817985,133.67223,5.5897803,97.95951,5.0941954,131.28772,5.6272874
199.55037,19802.762,134.27438,5.7838163,133.25604,4.742088,96.82814,4.326342,130.84245,4.7422485
200.05037,19852.379,138.42865,6.351945,138.09633,5.6384025,101.29546,5.0379477,135.50996,5.635374
200.55037,19901.998,140.7041,4.988141,140.25403,4.005024,103.37578,3.6391237,137.6871,4.0265
201.05037,19951.617,139.36783,6.6882534,138.37634,5.781327,102.03717,4.7273808,135.96344,5.7500477
201.55037,20001.234,136.4425,6.582648,136.08066,5.3779917,100.88199,4.1884317,133.61624,5.4184513
202.05037,20050.854,137.8805,5.566332,137.11023,4.8859267,101.60205,4.7007737,134.7103,4.8725386
202.55037,20100.47,139.15863,7.2472577,138.96428,6.6627636,103.72883,6.4546046,136.4616,6.675916
203.05037,20150.09,129.55154,8.521146,129.8765,8.374661,98.6048,6.8662076,127.54959,8.163365
203.55037,20199.709,133.05287,7.8954196,133.56917,7.399016,101.48486,6.718033,131.14291,7.331951
204.05037,20249.326,135.70244,9.216005,135.57765,8.690816,102.2546,7.636293,133.19824,8.633608
204.55037,20298.945,134.53587,7.8896685,134.90298,7.549834,103.03709,6.790002,132.52423,7.4543586
205.05037,20348.564,140.18445,9.412558,140.4667,8.792712,106.41329,7.649719,137.94804,8.745263
205.55037,20398.182,142.96597,9.50964,142.57454,8.540033,108.197044,7.7443714,140.1757,8.582634
206.05037,20447.8,133.12918,13.376168,132.78809,13.626092,100.49804,11.390938,130.52925,13.314185
206.55037,20497.418,132.74464,12.515256,132.71318,12.375605,102.25964,10.935069,130.52112,12.202696
207.05037,20547.037,111.44326,20.783998,111.87896,20.541845,87.06924,16.660328,109.99507,20.225254
207.55037,20596.656,122.753716,21.829447,123.16593,20.728292,96.711266,16.821445,121.16827,20.621216
208.05037,20646.273,121.38592,19.44461,122.31701,18.519995,97.012985,15.383285,120.29211,18.421494
208.55037,20695.893,127.4867,16.815666,128.329,16.076998,101.63199,13.484339,126.2224,15.980412
209.05037,20745.512,120.749176,15.457449,121.173874,14.797525,94.75979,12.264649,119.17649,14.673323
209.55037,20795.13,126.67471,17.503305,127.49376,16.867987,96.7865,12.668909,125.10257,16.624418
210.05037,20844.75,138.69174,12.824338,139.47406,12.037403,105.32319,8.796296,136.84206,11.866325
210.55037,20894.367,147.99173,7.020381,149.75687,6.325174,114.35058,4.9285645,146.82527,6.2129946
211.05037,20943.986,148.57275,8.1110935,149.9761,7.3997903,113.052246,5.868092,147.01184,7.3303595
211.55037,20993.604,146.70558,7.1798387,148.78897,6.437583,113.771355,5.473741,145.81778,6.415415
212.05037,21043.223,138.2951,10.378557,139.66298,9.904453,106.53657,8.66464,136.98045,9.835542
212.55037,21092.842,139.00333,10.541957,140.56346,10.255396,107.77446,9.116846,137.86441,10.163746
213.05037,21142.459,144.13983,8.32177,145.91037,7.633704,113.2542,7.233004,143.17618,7.661552
213.55037,21192.078,137.98972,6.3297567,139.12476,5.382527,106.36009,5.06839,136.51784,5.444758
214.05037,21241.697,136.4395,6.4240136,137.6289,5.6423936,106.38504,5.4314175,135.12022,5.665176
214.55037,21291.314,134.60522,8.317748,136.85033,7.9158697,108.03104,7.0715137,134.29227,7.8299713
215.05037,21340.934,133.0453,9.473467,135.7009,9.020769,106.886986,7.2438602,133.05595,8.876403
215.55037,21390.55,131.81194,10.178388,133.88774,9.881348,103.90908,8.140918,131.28195,9.719077
216.05037,21440.17,130.85632,14.913502,133.56094,14.67366,103.044556,11.182096,130.78265,14.400768
216.55037,21489.79,129.48497,18.070333,132.05399,17.729616,101.061165,13.429145,129.27014,17.432425
217.05037,21539.406,137.14476,11.261347,140.04616,10.618236,107.79376,7.782224,137.1007,10.477192
217.55037,21589.025,140.17462,12.121077,142.59811,11.882638,109.12303,9.467125,139.66597,11.694294
218.05037,21638.645,143.89134,6.9071565,146.94048,6.1972136,112.877686,5.806292,143.83289,6.2025943
218.55037,21688.262,143.09755,6.531638,144.59262,6.020137,111.299194,5.8102417,141.87099,5.9837556
219.05037,21737.88,142.08379,10.153254,142.51848,9.900362,106.78173,8.503962,139.84587,9.758699
219.55037,21787.498,146.49396,10.04884,147.92389,9.959729,112.91487,8.047269,145.09224,9.76164
220.05037,21837.117,148.05223,5.7057633,149.47253,5.595371,114.20551,5.381702,146.6243,5.4568295
220.55037,21886.736,148.95421,6.282195,151.18393,5.884521,115.58503,5.188333,148.13965,5.781152
221.05037,21936.354,148.70917,5.3414736,151.39589,5.178188,116.33549,4.643581,148.29333,5.0205045
221.55037,21985.973,146.37422,5.4311934,149.40665,5.85239,114.99042,5.6618223,146.2771,5.6016917
222.05037,22035.592,147.28165,6.094067,149.91946,5.757054,115.12627,5.3357916,146.84659,5.6149178
222.55037,22085.209,142.91565,14.264471,146.55782,14.885504,114.10609,11.987785,143.44048,14.480608
223.05037,22134.828,133.50276,20.723799,135.66,21.360136,104.557594,17.190641,132.95578,20.87587
223.55037,22184.447,126.94941,25.375975,129.43636,26.51207,99.631836,21.668066,126.755745,25.873905
224.05037,22234.064,115.957054,28.078733,117.74482,29.289118,89.371376,24.054405,115.31618,28.608067
224.55037,22283.684,109.0529,27.134754,110.87189,28.241287,83.34189,22.952728,108.497505,27.578243
225.05037,22333.3,109.05731,26.767824,111.363716,27.63866,84.39584,21.972351,108.92629,26.995798
225.55037,22382.92,112.12476,27.327896,114.323204,28.716621,87.21205,24.277002,111.898384,28.04584
226.05037,22432.54,111.52501,24.559666,113.294426,25.432743,85.427086,20.610502,110.90623,24.848154
226.55037,22482.156,113.70112,25.04626,116.28839,26.419043,88.97192,21.350271,113.76609,25.710554
227.05037,22531.775,110.3803,25.28786,112.73862,26.434616,85.94889,21.451662,110.303024,25.78576
227.55037,22581.395,93.595406,23.559444,93.8011,23.397644,70.81576,18.087427,92.09783,22.979664
228.05037,22631.012,117.67641,22.066212,119.20981,22.500238,93.57366,20.039188,117.032875,22.171589
228.55037,22680.63,124.6082,16.68343,125.031555,16.266947,98.27905,13.798048,123.01002,16.12117
229.05037,22730.248,125.571335,17.861622,125.56101,17.565138,97.40737,14.625841,123.53051,17.36479
229.55037,22779.87,118.60329,17.21604,118.53198,16.638376,91.398636,13.771399,116.58812,16.492035
230.05037,22829.486,129.94072,12.717586,129.88551,12.153606,100.51911,10.041009,127.777,12.048405
230.55037,22879.105,138.25903,12.748813,137.81334,12.230664,107.74899,10.380379,135.73744,12.148631
231.05037,22928.725,146.84831,6.220919,146.39873,5.2703347,116.39037,4.4499307,144.32771,5.269052
231.55037,22978.342,148.66942,6.4020586,147.99915,5.3497186,118.48598,4.017721,146.01079,5.37033
232.05037,23027.96,148.02162,7.069461,147.93237,5.67231,117.75457,4.487153,145.7725,5.7869873
232.55037,23077.58,149.77272,6.404267,149.76866,5.3086414,118.099655,4.20859,147.48302,5.3590665
233.05037,23127.197,147.48038,7.0950947,147.17514,6.472426,116.49083,5.1767116,145.02463,6.408138
233.55037,23176.816,142.25702,7.210261,142.4228,6.565483,111.66937,5.390253,140.16716,6.5138154
234.05037,23226.434,147.70882,7.2599125,147.72566,6.867278,115.760025,5.8129663,145.41417,6.785414
234.55037,23276.053,148.95422,6.5629683,148.10605,6.1489816,116.16682,4.973778,145.98036,6.0489273
235.05037,23325.672,149.95255,7.3055954,149.14311,6.714235,117.03206,5.479041,146.99678,6.6580935
235.55037,23375.29,147.90382,6.4177833,148.02383,5.843271,117.0313,4.5612693,145.76065,5.752706
236.05037,23424.908,151.51727,5.8797336,150.55472,5.2936254,119.73251,4.4913106,148.534,5.2482443
236.55037,23474.527,154.38432,5.931752,152.90477,5.200235,119.04572,3.5580528,150.7747,5.131744
237.05037,23524.145,152.12685,4.701866,150.72278,4.0666904,116.10375,3.2967875,148.52179,3.995663
237.55037,23573.764,151.4461,8.185497,150.60608,7.6191764,117.16348,6.0044155,148.37012,7.53936
238.05037,23623.38,153.05304,8.970327,151.80345,7.925409,118.44443,6.068327,149.6606,7.9319715
238.55037,23673.0,154.58138,5.332424,152.85863,4.3226585,118.68888,3.1960738,150.75783,4.311177
239.05037,23722.62,154.15453,6.5383005,152.66093,5.7229834,119.23502,4.331921,150.56512,5.6933403
239.55037,23772.236,152.41312,5.622072,150.70201,4.8555264,118.6795,3.914179,148.75377,4.8198066
240.05037,23821.855,150.58017,5.938201,149.36768,5.6353745,117.98742,4.5375485,147.35979,5.4936256
240.55037,23871.475,135.38525,11.723866,134.15512,12.177419,105.1318,11.366039,132.32115,11.94566
241.05037,23921.092,135.32886,14.973038,135.86717,15.171071,106.77461,13.064583,133.65225,14.912697
241.55037,23970.71,137.28354,11.3333235,137.26276,10.435002,108.995735,9.664805,135.2263,10.484555
242.05037,24020.328,144.91014,7.9474854,145.11957,6.7889104,115.76607,6.303865,142.95572,6.8947973
242.55037,24069.947,146.94165,7.331673,146.97455,6.1955996,117.58642,5.1375327,144.84573,6.2282667
243.05037,24119.566,149.42438,6.665758,149.66846,5.219998,119.667175,3.881598,147.45047,5.301028
243.55037,24169.184,146.85106,5.773036,147.75978,5.236493,118.40512,4.5371037,145.44717,5.1291738
244.05037,24218.803,,,,,,,144.30886840820312,
244.55037,24268.422,,,,,,,144.91079711914062,
245.05037,24318.04,,,,,,,144.25918579101562,
245.55037,24367.658,,,,,,,144.12319946289062,
246.05037,24417.275,,,,,,,145.2388916015625,
246.55037,24466.895,,,,,,,144.68077087402344,
247.05037,24516.514,,,,,,,144.59812927246094,
247.55037,24566.13,,,,,,,144.0057373046875,
248.05037,24615.75,,,,,,,143.45565795898438,
248.55037,24665.37,,,,,,,141.028076171875,
249.05037,24714.986,,,,,,,133.76446533203125,
249.55037,24764.607,145.40695,9.400292,146.28851,9.437725,116.297035,7.973766,143.9357,9.2166195
250.05037,24814.225,148.6302,7.2191052,149.54839,6.76418,119.29298,5.434353,147.16873,6.6361628
250.55037,24863.844,149.24905,4.731949,150.27763,4.113242,119.75421,3.516007,147.85516,4.0221024
251.05037,24913.463,148.91318,5.367281,149.66312,4.6032386,118.91815,3.7001617,147.28389,4.548393
251.55037,24963.08,148.9061,5.171216,149.05478,4.6988955,117.96449,3.8663013,146.77844,4.6071215
252.05037,25012.7,148.47337,8.483685,149.19852,8.236498,118.798355,6.8076224,146.84947,8.083606
252.55037,25062.316,146.28285,11.369265,146.69098,11.216845,117.1169,9.398961,144.46896,11.024408
253.05037,25111.936,149.19235,7.6599326,149.67714,7.125384,119.48945,5.8273807,147.39452,7.041501
253.55037,25161.555,145.20139,5.0086064,145.27258,4.4798694,115.886505,3.9649212,143.13577,4.3826466
254.05037,25211.172,146.13255,5.0788774,145.79982,4.226554,116.47107,3.6349235,143.753,4.229033
254.55037,25260.791,146.5562,4.9368153,145.71736,4.1073027,115.567696,3.356031,143.71889,4.096643
255.05037,25310.41,146.149,5.391245,145.94208,4.650829,116.218834,3.9488256,143.84004,4.6324377
255.55037,25360.027,146.56377,5.46829,146.3001,4.5675282,116.48017,3.6473026,144.20316,4.5734024
256.05038,25409.645,146.48047,6.192478,145.6691,5.5701528,115.236916,4.5157537,143.6444,5.4935617
256.55038,25459.264,147.57149,5.428563,147.16422,4.7227163,116.57541,4.007901,145.04228,4.6832943
257.05038,25508.88,148.13179,5.0839195,147.36533,4.2628627,116.988976,3.5854204,145.3351,4.2455616
257.55038,25558.5,147.08676,4.973509,146.58032,4.3201737,116.260124,3.4842136,144.49886,4.257043
258.05038,25608.12,147.17899,4.7447324,146.81062,3.9599035,116.41228,3.4111135,144.69417,3.9260027
258.55038,25657.736,147.26065,4.5978723,146.68552,3.9959075,115.97408,3.4507742,144.59042,3.9193215
259.05038,25707.355,128.40149,22.446436,127.584305,23.701958,100.624344,19.446692,125.81152,23.093027
259.55038,25756.977,113.488045,32.688023,112.823456,33.51158,89.356155,26.319536,111.27041,32.79396
260.05038,25806.596,114.16516,31.621794,115.267395,31.085531,92.3588,23.704115,113.37905,30.630138
260.55038,25856.213,118.70114,29.224699,120.80113,28.406368,97.00153,21.48359,118.636345,28.041607
261.05038,25905.832,140.2,15.307918,141.41972,15.597462,112.25417,12.857039,139.05466,15.274105
261.55038,25955.45,148.52765,4.386831,149.42673,3.929214,119.82636,3.648927,147.09843,3.8345459
262.05038,26005.068,150.31937,4.807805,151.40465,4.2019773,122.20817,3.6050181,149.06593,4.1464715
262.55038,26054.688,147.51746,6.353455,148.2818,5.863259,118.98429,4.8336706,146.00401,5.7499437
263.05038,26104.305,148.36131,3.7307358,148.92477,3.0345154,119.17742,2.9484358,146.65721,2.9840014
263.55038,26153.924,149.80997,3.868301,150.53177,3.0925543,120.36984,2.8214643,148.20062,3.060013
264.05038,26203.543,146.26303,5.0118656,147.11113,4.372896,117.63035,4.213447,144.80232,4.34662
264.55038,26253.16,142.7024,6.383189,143.5483,5.7628736,113.73251,5.2064576,141.21576,5.7263165
265.05038,26302.78,141.72908,10.3488,142.7942,10.365381,113.13055,8.9599,140.42604,10.160229
265.55038,26352.396,140.91414,13.685392,141.99644,13.547034,112.88008,11.883608,139.66414,13.352598
266.05038,26402.016,147.51941,6.9583836,148.46211,6.7633605,118.912994,6.0446215,146.12825,6.6398683
266.55038,26451.635,149.79573,5.3494363,151.07355,4.798848,121.90323,4.4487557,148.69579,4.7549634
267.05038,26501.252,145.89105,5.826547,147.14948,5.030577,118.54763,4.3803988,144.81686,5.025251
267.55038,26550.871,132.84094,16.23395,133.18623,16.694391,105.37674,14.884886,131.10498,16.387854
268.05038,26600.49,145.78491,8.61757,147.41083,8.828483,118.932304,9.628665,145.00902,8.718885
268.55038,26650.107,147.46075,5.447549,148.73665,4.5711412,119.26202,4.008449,146.33733,4.5798197
269.05038,26699.727,149.73175,4.7910447,150.63757,3.869009,120.80368,3.3817647,148.29099,3.867034
269.55038,26749.344,147.05219,5.20044,148.38666,4.292165,118.88348,3.8720493,145.97282,4.29863
270.05038,26798.963,144.78471,5.9620028,146.44868,4.9451084,116.78298,3.967468,143.95306,4.939161
270.55038,26848.582,127.59338,15.780488,127.95543,16.00363,100.539734,13.5987835,125.89904,15.721327
271.05038,26898.2,136.11429,16.190588,138.47821,17.599476,109.799515,19.40199,135.90504,17.33573
271.55038,26947.818,135.35051,12.029196,138.0635,12.990524,109.066666,12.9744005,135.39314,12.678387
272.05038,26997.438,131.05377,13.061572,132.52502,13.176303,104.31157,12.432044,130.17522,12.999284
272.55038,27047.055,143.38672,5.513014,145.49539,4.9098144,115.61984,4.3865647,142.89009,4.8353186
273.05038,27096.674,145.27658,4.605035,146.41708,3.8016565,117.22526,3.3937292,144.06697,3.7671866
273.55038,27146.291,144.6504,4.5509925,145.41298,3.9065762,116.319824,3.6463528,143.15033,3.845603
274.05038,27195.91,143.00201,7.760481,143.46375,8.102959,114.90399,7.3582892,141.30357,7.8740764
274.55038,27245.53,143.10678,6.066668,143.5731,5.683863,115.11825,5.290921,141.41953,5.580305
275.05038,27295.146,141.09895,7.854834,141.5442,7.5687394,113.526665,6.718562,139.42667,7.4437943
275.55038,27344.766,127.89975,16.222748,127.943565,16.431952,101.86779,13.546366,126.05158,16.101671
276.05038,27394.385,101.67077,17.58298,101.362526,17.698584,77.955345,14.978429,99.73806,17.389389
276.55038,27444.002,117.74419,20.225317,118.27464,20.098307,91.37394,17.853037,116.219635,19.904509
277.05038,27493.621,133.98221,14.594616,134.64561,14.645271,106.714066,11.895091,132.48792,14.359919
277.55038,27543.238,139.66594,12.833113,140.10858,13.136816,112.03685,11.665888,137.9877,12.886858
278.05038,27592.857,141.88155,9.220266,143.56288,9.657981,115.30185,8.82819,141.16498,9.387599
278.55038,27642.477,143.76651,5.8840694,145.21089,5.0614314,117.087234,4.238154,142.87329,5.029432
279.05038,27692.094,143.69365,5.3311057,145.05128,4.6048775,116.55581,3.852131,142.70528,4.558455
279.55038,27741.713,140.47937,10.024274,141.86339,10.040861,114.14567,8.520315,139.56792,9.835725
280.05038,27791.332,145.80418,4.488149,147.37802,3.9342542,118.84891,3.2760324,144.98363,3.8511863
280.55038,27840.95,146.93645,4.243519,149.3838,3.9517298,121.09292,3.5431793,146.8209,3.8397038
281.05038,27890.568,149.27007,4.5678086,151.76944,3.9700584,123.22725,3.8476784,149.17734,3.9185987
281.55038,27940.186,149.49065,3.9435935,151.74298,3.3740618,123.63498,3.0491073,149.23474,3.2798085
282.05038,27989.805,145.44289,11.136963,145.90239,11.108872,117.60277,9.526491,143.76146,10.93197
282.55038,28039.424,144.29276,7.65895,145.51282,7.2310405,117.344734,6.184108,143.2197,7.1293006
283.05038,28089.041,146.03902,6.5238953,146.76157,5.7475643,118.06974,4.9776435,144.5364,5.728311
283.55038,28138.66,145.3146,7.1613145,145.68048,6.6364503,117.16077,5.733211,143.54358,6.550497
284.05038,28188.28,142.54327,11.257499,142.6334,10.989286,113.6579,9.217873,140.52222,10.837531
284.55038,28237.896,135.3972,22.319763,135.74017,22.551123,108.851295,17.476976,133.72589,22.095396
285.05038,28287.516,146.24306,4.801075,146.8756,4.179454,117.57905,3.6074092,144.6259,4.119158
285.55038,28337.135,146.78096,5.203795,147.19746,4.376952,117.63306,3.7027092,144.97437,4.3504486
286.05038,28386.752,143.67987,9.849475,144.83833,9.55074,115.99018,7.5390306,142.5092,9.376326
286.55038,28436.371,145.12735,7.127591,145.88875,6.844902,117.01314,5.545998,143.64204,6.69299
287.05038,28485.988,145.0445,8.677911,145.63837,8.100126,116.21272,6.636798,143.38757,8.015436
287.55038,28535.607,142.55609,8.936436,143.15137,8.740141,113.893394,7.794704,140.91238,8.590535
288.05038,28585.227,,,,,,,138.3720245361328,
288.55038,28634.844,,,,,,,128.0355682373047,
289.05038,28684.463,,,,,,,134.02688598632812,
289.55038,28734.082,,,,,,,131.26934814453125,
290.05038,28783.7,,,,,,,130.23846435546875,
290.55038,28833.318,113.07628,24.161814,113.32127,25.557995,91.14175,21.727362,111.66782,24.909952
291.05038,28882.936,117.49828,19.282679,118.06102,20.443785,94.49303,17.687784,116.23977,19.919518
291.55038,28932.555,126.09414,11.224425,126.3356,11.509129,101.93677,10.456448,124.522675,11.240059
292.05038,28982.174,133.85071,7.4375978,134.578,7.2921505,109.58827,6.8273697,132.61911,7.1087675
292.55038,29031.791,131.32253,12.818137,131.40181,12.959377,107.34354,11.990199,129.64795,12.745851
293.05038,29081.41,125.33661,17.868364,125.45589,17.89084,101.73812,16.274578,123.71811,17.69808
293.55038,29131.03,124.65812,17.983515,124.53973,17.750177,100.478424,15.546699,122.82767,17.558504
294.05038,29180.646,108.23377,33.875935,108.41334,32.74558,88.68896,25.677635,106.95106,32.416225
294.55038,29230.266,102.08737,37.001175,102.55078,35.788967,83.772964,27.418146,101.096504,35.384144
295.05038,29279.883,104.74041,31.604422,105.608826,30.404747,85.43871,24.359861,103.96792,30.162195
295.55038,29329.502,114.06183,23.59189,114.29095,23.307114,91.4552,19.291872,112.5935,23.015833
296.05038,29379.121,131.5587,6.8511653,132.42747,5.957914,107.298,5.4588766,130.42842,5.9457026
296.55038,29428.738,128.43073,9.207746,128.6589,8.789621,104.05049,7.4888816,126.833664,8.637897
297.05038,29478.357,125.37178,16.267672,125.71208,16.204582,101.83968,13.176624,123.916145,15.892599
297.55038,29527.977,130.1549,7.9852366,130.67416,8.045829,105.875305,7.540637,128.7733,7.8553596
298.05038,29577.594,133.29129,6.5599675,133.68625,6.076178,109.25749,5.8173957,131.83853,5.9848404
298.55038,29627.213,132.54642,6.2489586,133.0082,6.4486923,108.15158,6.5280366,131.11537,6.249215
299.05038,29676.83,136.1714,4.3027234,136.72206,3.805263,111.695366,3.7430072,134.79807,3.6647582
299.55038,29726.453,138.94359,4.4130397,138.39308,3.7896168,113.917274,3.6738062,136.74297,3.679403
300.05038,29776.07,133.1574,7.7258554,133.11372,7.81988,108.45212,7.0695186,131.34244,7.606686
300.55038,29825.69,132.9606,7.193554,132.45404,7.1499844,107.20162,6.7752395,130.73851,6.9719787
301.05038,29875.307,131.75465,7.421163,131.25627,7.636032,105.243065,7.046369,129.48409,7.3986826
301.55038,29924.926,129.12157,12.777295,129.36714,12.70441,104.24166,11.057836,127.50088,12.508416
302.05038,29974.545,116.43273,23.48095,116.278534,23.538605,94.61312,19.445196,114.74708,23.1536
302.55038,30024.162,119.88851,19.882795,119.61406,20.00137,97.18505,17.190031,118.05304,19.67072
303.05038,30073.781,126.205925,13.70505,126.91156,13.64292,103.2766,11.513663,125.0551,13.406792
303.55038,30123.4,128.35442,9.737917,128.96416,9.80601,104.10351,8.714206,127.03958,9.584167
304.05038,30173.018,133.0862,6.7451043,133.75809,6.1606417,108.32462,5.955349,131.77895,6.107563
304.55038,30222.637,132.19337,6.3116217,132.95074,5.8826747,107.97362,5.3316393,130.98639,5.7514987
305.05038,30272.254,131.35884,12.709002,131.67404,12.896585,106.800415,11.141443,129.81114,12.642848
305.55038,30321.873,130.64941,10.708833,130.37782,10.67452,105.40885,9.409533,128.63281,10.47705
306.05038,30371.492,131.70082,8.504331,131.40407,8.354455,106.91569,8.344792,129.6991,8.23413
306.55038,30421.11,136.14272,6.711387,135.6482,6.7042236,110.3962,6.3431973,133.93013,6.520106
307.05038,30470.729,141.36792,4.311299,141.17378,3.8216474,115.61321,3.8416708,139.3696,3.7200823
307.55038,30520.348,139.0825,4.777343,138.78497,4.5665827,113.058014,4.5254707,136.99074,4.4130945
308.05038,30569.965,139.78307,4.5108547,139.3922,3.9030764,113.92379,3.8234212,137.63647,3.8123534
308.55038,30619.584,139.97603,4.2897234,139.56535,4.1284246,114.08892,4.0138187,137.81326,3.9257004
309.05038,30669.201,140.80511,4.091624,140.14053,3.850674,114.70066,3.4954362,138.44505,3.648306
309.55038,30718.82,139.67256,5.6317825,138.71355,5.5960894,113.06233,5.303294,137.06541,5.3873343
310.05038,30768.44,143.34077,5.6585994,141.3614,5.2500877,114.940605,4.930185,139.87463,5.1396437
310.55038,30818.057,140.40773,7.6176634,138.45135,7.1212854,112.75118,5.9000664,137.01173,6.9600253
311.05038,30867.676,140.68571,6.3658433,139.86958,6.4308963,114.0823,5.9158998,138.18124,6.2001657
311.55038,30917.295,142.40895,6.5301766,141.95712,6.5988226,116.19507,6.1267495,140.19316,6.401921
312.05038,30966.912,143.60138,3.7553868,143.497,3.1533668,118.093124,3.1548803,141.68503,3.0010567
312.55038,31016.531,142.46155,3.8673189,141.94093,3.3761384,116.976326,3.3729794,140.24916,3.236056
313.05038,31066.15,142.59996,3.818505,141.90427,3.526546,116.936646,3.320857,140.24951,3.3266351
313.55038,31115.768,139.19968,7.5598865,138.79051,6.983625,113.157364,6.4796944,137.0268,6.925183
314.05038,31165.387,142.07906,5.138854,141.33853,5.1494308,115.44722,5.0136275,139.62662,4.954991
314.55038,31215.004,130.46461,25.07257,129.67397,25.302334,107.245255,20.390831,128.22272,24.809578
315.05038,31264.623,145.82413,3.2038383,144.77296,2.9309404,118.67352,3.2129648,143.11206,2.7572594
315.55038,31314.242,135.35313,9.6861315,133.38458,10.006693,108.50083,9.645937,132.00648,9.815346
316.05038,31363.86,137.90562,7.650487,136.47993,7.715512,111.29651,7.1947074,134.9648,7.525065
316.55038,31413.479,142.62575,4.681452,141.1763,4.616029,115.788124,4.506081,139.65143,4.4312043
317.05038,31463.098,143.6869,3.7019308,141.68834,3.4160404,116.175896,3.4982035,140.27122,3.2356918
317.55038,31512.715,146.96178,3.4248571,145.01178,3.0851564,118.54148,2.9982245,143.51518,2.8960905
318.05038,31562.334,148.09502,3.728601,146.18063,3.3637204,119.28385,3.2073395,144.64569,3.2083132
318.55038,31611.951,144.77881,5.2755475,143.03357,5.604358,116.08814,5.6005,141.45915,5.376459
319.05038,31661.57,145.27202,4.1620865,143.26643,4.2052026,116.41603,4.5493274,141.75423,4.0245614
319.55038,31711.19,144.10852,4.2566957,142.63855,4.1339965,115.74325,4.193159,141.00923,3.961817
320.05038,31760.807,143.6896,3.6181955,142.51253,3.3729641,116.03743,3.538868,140.85129,3.2029943
320.55038,31810.426,141.716,7.579827,140.66293,7.462774,114.70685,6.6308184,139.01279,7.278135
321.05038,31860.045,143.36249,3.6840603,142.65175,3.2763371,116.54577,3.294569,140.918,3.1206982
321.55038,31909.662,141.66797,4.1989975,141.11667,3.6964784,115.366135,3.7662208,139.3747,3.5814333
322.05038,31959.281,143.14311,3.5700114,142.86798,3.0459552,117.24337,3.0589466,141.07637,2.8943052
322.55038,32008.898,143.13219,3.8426332,142.53589,3.3145092,117.08685,3.1773171,140.82524,3.1673882
323.05038,32058.518,144.2605,3.3824623,143.66418,3.085904,118.16289,3.1272082,141.94977,2.8910701
323.55038,32108.137,143.55894,3.6566076,142.91872,3.4232302,117.26157,3.4729388,141.20238,3.2441328
324.05038,32157.754,142.68295,5.254662,142.14766,5.1756234,116.31057,4.8166103,140.39603,4.9875097
324.55038,32207.373,139.51361,6.778254,138.811,6.863825,112.48134,6.9650865,137.05937,6.6882873
325.05038,32256.992,142.14067,4.231061,141.77768,3.7907116,115.77393,3.8606777,139.97739,3.68201
325.55038,32306.61,140.50385,4.9156547,140.22157,4.432644,114.21836,4.3084817,138.40414,4.340579
326.05038,32356.229,139.5418,4.2887993,139.2099,3.7606354,113.32225,3.911945,137.41138,3.6731982
326.55038,32405.846,141.31447,3.9951086,140.88437,3.7545364,114.76656,3.8509696,139.0901,3.593103
327.05038,32455.465,142.59024,3.2017682,142.31245,3.1329832,116.250725,3.3477786,140.48987,2.9215646
327.55038,32505.084,143.61436,3.2784915,142.81107,2.9592826,117.1732,3.0757394,141.13078,2.7761958
328.05038,32554.701,140.69601,4.9375305,139.81467,5.0866084,114.069374,5.1863503,138.14323,4.89041
328.55038,32604.32,137.83034,6.239778,137.02763,6.493593,111.52142,6.1937737,135.35675,6.250811
329.05038,32653.94,137.3986,5.069557,136.77026,5.4979596,111.32028,5.60065,135.06636,5.2230926
329.55038,32703.557,138.78322,5.8857107,138.17255,5.945903,113.10331,5.7982287,136.49239,5.7559175
330.05038,32753.176,137.81949,5.6573668,137.3253,5.8495393,112.12003,5.871642,135.61053,5.64757
330.55038,32802.793,138.23209,4.980304,137.82845,4.957704,113.600006,4.5349627,136.16498,4.748888
331.05038,32852.414,140.44644,4.7828307,140.10027,4.910659,115.24131,4.2905545,138.37904,4.6668887
331.55038,32902.03,142.3896,3.7743187,142.04384,3.2689638,117.0468,3.2190456,140.31256,3.1179953
332.05038,32951.65,141.43442,5.24056,141.58344,5.2342553,116.134705,5.007964,139.71436,5.0342975
332.55038,33001.266,132.5457,12.453291,132.53728,12.603976,107.60925,11.222716,130.73927,12.370107
333.05038,33050.887,136.9577,7.6318126,137.65598,7.3681345,111.905334,7.115083,135.64833,7.264953
333.55038,33100.504,138.88947,6.2994637,139.30347,5.9460955,114.19271,5.835595,137.40245,5.845312
334.05038,33150.12,138.69199,5.0718102,139.18074,5.1724896,113.55689,4.906539,137.22679,4.9434805
334.55038,33199.742,119.30447,20.940355,117.95208,21.424469,95.3876,18.201532,116.61044,21.017914
335.05038,33249.36,116.523865,24.316484,114.87846,24.292599,92.771454,20.507399,113.63216,23.96662
335.55038,33298.977,127.061615,22.124134,125.66982,21.978405,102.17217,18.790785,124.26918,21.718586
336.05038,33348.598,132.08014,15.505726,130.85828,15.546834,106.17242,13.240646,129.33572,15.278996
336.55038,33398.215,134.98334,17.280388,133.2124,17.606949,107.76663,15.355259,131.75172,17.29466
337.05038,33447.832,111.1454,26.924034,109.43145,27.352701,89.15021,22.069296,108.331535,26.80697
337.55038,33497.453,116.240524,22.081612,115.21734,21.9275,94.112656,18.55256,113.91111,21.631811
338.05038,33547.07,136.6007,15.989835,134.90337,15.551406,112.18774,13.176673,133.62416,15.403709
338.55038,33596.688,136.22336,12.10033,134.54987,11.989481,110.77599,10.3482485,133.18916,11.791413
339.05038,33646.31,120.967804,24.543457,118.92991,25.403563,96.86872,20.201344,117.77035,24.740723
339.55038,33695.93,116.540794,17.291855,115.280975,18.565523,93.62451,15.312538,113.985214,17.919186
340.05038,33745.547,110.539505,17.985113,108.714386,19.21019,87.09314,15.59153,107.54135,18.521587
340.55035,33795.164,111.95666,15.673156,111.328445,16.784952,88.99834,14.122239,109.84978,16.22369
341.05035,33844.785,133.13425,9.679201,132.97134,10.354861,108.56194,9.147872,131.24362,10.005835
341.55035,33894.402,137.89993,5.829542,137.89937,5.884913,112.916534,4.9741807,136.09573,5.642182
342.05035,33944.02,127.22053,16.752703,126.52134,17.609055,102.926254,14.307162,124.96642,17.041426
342.55035,33993.64,115.35751,19.155342,113.392715,20.235264,90.31783,16.081882,112.144424,19.409555
343.05035,34043.258,105.435585,17.696167,103.59177,18.495274,82.80753,14.323698,102.48314,17.66881
343.55035,34092.875,113.530716,20.168324,112.54402,21.099957,90.7593,16.968826,111.18094,20.38842
344.05035,34142.492,129.07361,22.581005,128.80069,23.166658,104.951805,18.961405,127.13682,22.635406
344.55035,34192.113,143.42648,12.381009,143.66464,12.023619,117.91971,10.290522,141.75523,11.882728
345.05035,34241.73,140.37209,13.38081,139.37875,13.038844,114.06259,11.462383,137.76212,12.900855
345.55035,34291.348,140.97693,12.400984,139.5482,12.232479,113.20116,10.696196,137.94969,12.061759
346.05035,34340.97,144.14828,10.002471,142.35371,9.871258,115.85932,8.520555,140.82236,9.701235
346.55035,34390.586,146.12163,8.711165,144.1599,8.661635,117.45349,7.520512,142.64876,8.481127
347.05035,34440.203,147.18513,5.396952,144.90825,5.6897707,118.331276,5.278113,143.47345,5.4293747
347.55035,34489.824,147.83954,7.2392306,145.81387,7.517531,118.28803,6.841019,144.25717,7.2564187
348.05035,34539.44,138.83173,14.435249,137.10823,14.665706,111.41466,12.024827,135.61957,14.327884
348.55035,34589.06,137.16002,14.975286,135.82281,14.889324,109.47191,12.6639595,134.20457,14.660647
349.05035,34638.68,140.8497,10.335,139.43336,10.324149,112.186356,9.147516,137.76724,10.12391
349.55035,34688.297,134.37244,14.6683035,133.35579,14.907319,106.93844,12.518399,131.6646,14.594145
350.05035,34737.914,138.62181,10.75387,137.35571,11.03165,111.63092,10.201642,135.76755,10.798263
350.55035,34787.535,142.75812,6.520291,141.34,6.9289227,115.88142,5.7745576,139.80339,6.630067
351.05035,34837.152,144.26785,4.6151686,142.84395,4.5558863,117.25839,4.05049,141.2994,4.348905
351.55035,34886.77,144.81682,4.363592,142.62036,4.458503,115.63568,4.008934,141.13904,4.227001
352.05035,34936.387,130.41063,16.430347,128.09715,16.543015,103.795746,13.455414,126.83445,16.210209
352.55035,34986.008,123.70723,17.680935,121.8348,17.903893,97.962875,14.988342,120.50932,17.541355
353.05035,35035.625,124.95556,11.11791,123.820015,11.846216,98.71645,9.878117,122.248955,11.408445
353.55035,35085.242,137.20006,8.62698,136.81027,9.30486,109.83347,8.298116,134.94542,8.943419
354.05035,35134.863,148.24416,8.237109,148.48082,8.871374,120.234375,7.7504263,146.39111,8.5253105
354.55035,35184.48,155.63745,7.716583,155.1699,8.67837,124.56168,8.064352,153.05939,8.30358
355.05035,35234.098,158.93982,4.7510705,158.09184,4.6686587,127.84023,4.3839297,156.08795,4.4560413
355.55035,35283.72,143.8803,11.929242,142.3228,13.340993,113.277664,11.454432,140.55687,12.804473
356.05035,35333.336,161.06903,3.8228564,160.2936,3.7146246,129.65776,3.6684413,158.24655,3.4852345
356.55035,35382.953,163.52383,3.2619038,162.56642,3.5514412,131.88268,3.4611423,160.5546,3.2344258
357.05035,35432.574,163.98103,3.535922,163.12503,3.7549515,132.82532,3.7580738,161.11938,3.4752126
357.55035,35482.19,165.00298,4.98625,164.24124,4.7818327,133.75006,4.0628333,162.20172,4.578476
358.05035,35531.81,158.6034,6.489633,157.4867,6.0113654,128.25256,4.9549785,155.6134,5.8975697
358.55035,35581.43,151.6324,8.425929,150.87833,8.772011,120.916405,7.852185,148.8754,8.516234
359.05035,35631.047,148.97147,7.8553677,148.15254,8.212988,118.618256,7.4320326,146.19427,7.9268045
359.55035,35680.664,147.0785,8.323628,145.67964,8.580627,115.91205,7.8806148,143.82784,8.343845
360.05035,35730.28,147.11404,5.8675327,145.39827,6.1959586,116.35613,6.0101,143.6662,5.9433303
360.55035,35779.902,145.20374,7.68588,143.45056,7.7962413,115.55371,7.4954658,141.80914,7.6077237
361.05035,35829.52,142.26543,9.54221,140.65692,9.735102,113.00474,8.936502,139.00241,9.502609
361.55035,35879.137,126.68828,19.462236,125.50949,19.548893,101.73697,16.611105,124.04373,19.231022
362.05035,35928.758,139.38132,7.791342,138.84344,7.103321,113.29705,6.38125,137.11334,7.038614
362.55035,35978.375,133.49637,17.212029,132.54292,17.565634,107.99152,14.793317,130.973,17.207512
363.05035,36027.992,132.49287,10.433709,131.68993,10.576985,106.94625,9.73368,130.07414,10.370162
363.55035,36077.613,136.11742,12.262622,134.76071,12.108555,110.075485,10.024065,133.26688,11.880397
364.05035,36127.23,132.27798,10.610491,131.6851,11.0404215,108.230736,9.981222,130.11774,10.752997
364.55035,36176.848,142.09561,5.7566338,141.20166,5.468324,115.69414,5.0760603,139.55006,5.3163695
365.05035,36226.47,142.90106,5.4743695,141.68237,5.084191,115.36138,4.9365644,140.04109,4.9688525
365.55035,36276.086,121.95712,21.668898,120.23176,21.649643,96.944275,17.853106,118.91721,21.291754
366.05035,36325.703,119.388565,16.870146,118.63055,16.71569,94.56264,14.05322,117.054,16.454105
366.55035,36375.324,129.75607,9.801762,129.35832,9.616902,102.8091,8.416287,127.52603,9.411868
367.05035,36424.94,130.28908,12.796378,129.80365,13.023157,103.17437,11.14551,127.98422,12.709433
367.55035,36474.56,132.66687,10.010013,132.13171,9.949929,104.94621,9.221705,130.28268,9.774848
368.05035,36524.176,131.03781,11.189335,129.98979,11.142884,104.08465,9.439224,128.34224,10.884528
368.55035,36573.797,134.1297,7.7591085,133.83836,8.326063,107.43422,7.333826,131.99391,7.9821906
369.05035,36623.414,142.58249,7.9319844,141.11649,7.9675655,115.09563,6.804123,139.54944,7.7519436
369.55035,36673.03,135.24854,17.724958,133.997,18.059612,109.15323,14.481745,132.46935,17.66615
370.05035,36722.652,126.12684,21.526285,124.73944,21.611158,101.67096,17.705692,123.36886,21.239105
370.55035,36772.27,109.24015,23.759241,107.52649,24.051924,87.442474,19.985283,106.44075,23.590576
371.05035,36821.887,105.225105,15.2845955,104.051414,16.126635,83.55727,13.307422,102.821266,15.568
371.55035,36871.508,127.754005,16.50155,127.43751,17.617905,103.700264,14.823761,125.79097,17.099752
372.05035,36921.125,134.56215,12.517059,134.07094,13.008046,109.88644,10.90949,132.42924,12.666042
372.55035,36970.742,135.84598,11.028985,134.63753,11.403045,109.5762,9.963142,133.08502,11.101825
373.05035,37020.363,138.04498,11.257658,136.10776,11.49286,109.914764,9.351738,134.62848,11.201388
373.55035,37069.98,144.33699,3.81265,141.80666,3.9372058,114.99183,4.140283,140.40857,3.7026942
374.05035,37119.598,145.03697,3.625494,142.31361,3.9053216,113.951836,4.2202086,140.84488,3.6649692
374.55035,37169.22,142.17786,8.025075,139.85812,8.355372,112.170296,7.291497,138.35223,8.08383
375.05035,37218.836,142.34805,4.1505094,140.93346,4.0539837,114.325714,4.037953,139.31313,3.8486013
375.55035,37268.453,140.02565,5.009915,139.42212,4.6123757,114.48876,4.2314963,137.75023,4.4673457
376.05035,37318.07,146.65385,4.255153,145.37917,3.8372955,118.3057,3.7195773,143.69547,3.7037425
376.55035,37367.69,153.3698,5.3431826,151.89693,5.812388,122.8472,5.214924,150.11267,5.4928184
377.05035,37417.31,143.6507,7.898901,142.06625,8.378383,113.71234,7.622211,140.35596,8.094152
377.55035,37466.926,137.12338,9.027485,136.33089,9.262252,108.97193,8.087385,134.52406,9.008939
378.05035,37516.547,132.39423,9.232235,131.43176,9.874462,104.88616,9.010863,129.71979,9.543742
378.55035,37566.164,133.31505,12.160092,133.07423,12.782961,107.07407,10.694422,131.24823,12.4061575
379.05035,37615.78,131.35747,15.050202,130.56161,16.389095,106.57624,13.757508,128.99907,15.827795
379.55035,37665.402,129.33119,18.446543,128.44228,19.562994,105.25443,16.555315,126.95709,19.035814
380.05035,37715.023,140.5895,9.300878,140.2529,9.247248,115.03153,7.950598,138.50346,9.063351
380.55035,37764.64,137.9497,11.875488,137.07996,12.020588,111.14849,10.230234,135.3926,11.765708
381.05035,37814.258,114.757065,22.87193,112.47366,23.51124,90.58899,18.856894,111.379036,22.952724
381.55035,37863.88,101.12273,21.067467,99.193375,21.835062,79.742485,17.114828,98.1992,21.227335
382.05035,37913.496,95.10233,17.07346,93.0634,17.567926,74.64331,13.679811,92.16695,17.040941
382.55035,37963.113,96.71765,16.864489,95.00812,18.116861,76.64829,14.355678,94.04598,17.411705
383.05035,38012.734,113.75602,18.622648,113.604935,20.14004,92.42662,16.840813,112.10799,19.490294
383.55035,38062.35,124.76101,20.854614,123.50361,21.964231,101.16095,18.458902,122.15779,21.401556
384.05035,38111.97,126.82385,19.961868,126.1855,21.160973,102.636765,17.804277,124.620995,20.579166
384.55035,38161.59,132.65768,18.878178,132.14676,19.809187,106.88028,16.87153,130.43114,19.319984
385.05035,38211.207,132.00375,17.064018,131.48564,17.94428,106.260414,14.833048,129.77454,17.451832
385.55035,38260.824,138.34702,13.50831,137.8917,14.058005,111.28797,11.593299,136.0677,13.666362
386.05035,38310.445,138.21393,12.092143,137.33574,12.36391,110.7774,10.110348,135.60492,12.0399065
386.55035,38360.062,132.36295,18.196402,131.01166,18.672163,105.81394,15.167075,129.47968,18.24255
387.05035,38409.68,130.49638,19.078728,129.4381,19.408695,105.16357,15.832986,127.91047,19.013008
387.55035,38459.297,137.29485,6.4517922,136.6369,6.9294367,110.5986,6.706865,134.8968,6.6690645
388.05035,38508.918,130.75262,16.583342,129.95403,17.964832,105.00896,14.992576,128.32277,17.383673
388.55035,38558.535,139.40558,6.714488,139.38368,7.5500984,114.05546,7.085225,137.55965,7.2061596
389.05035,38608.152,141.67686,7.688407,141.54584,8.40166,115.9092,8.352107,139.72272,8.131795
389.55035,38657.773,142.4356,6.358339,142.48953,6.562673,117.29623,6.3833923,140.6591,6.3629723
390.05035,38707.39,142.47401,5.5358477,142.00386,5.5046353,116.223724,5.4045663,140.2425,5.337231
390.55035,38757.008,133.49525,15.985462,133.05095,16.278402,108.00567,13.935063,131.33714,15.982833
391.05035,38806.63,140.60153,5.053714,140.74716,4.7727065,115.08356,4.6665106,138.8633,4.669892
391.55035,38856.246,141.99585,4.088574,142.7684,3.7691908,117.100845,3.9684958,140.75096,3.6431484
392.05035,38905.863,141.63272,4.847164,141.35127,4.858391,116.37003,4.5533066,139.60747,4.651082
392.55035,38955.484,145.52069,3.7296548,144.9954,3.4334404,119.31407,3.4531107,143.25288,3.2933345
393.05035,39005.1,144.16646,4.3774867,143.52777,4.1843724,117.430336,4.1434016,141.77933,4.0378017
393.55035,39054.72,137.29489,10.645917,135.83125,11.342834,110.651955,10.192719,134.32448,11.012951
394.05035,39104.34,140.84966,5.715476,140.1846,5.9393244,114.21208,6.208645,138.45079,5.755261
394.55035,39153.957,138.53406,8.758871,137.26396,8.929694,110.41979,7.831322,135.59584,8.700928
395.05035,39203.574,141.05684,7.802944,140.31493,7.659979,113.54079,6.538667,138.53957,7.499402
395.55035,39253.19,145.71198,3.5774143,144.55829,3.177707,117.15681,3.358541,142.82516,3.0525296
396.05035,39302.812,128.22687,21.37968,126.482216,21.646942,101.98879,17.235273,125.0847,21.20418
396.55035,39352.43,94.16491,22.923538,91.984726,23.031275,73.91245,18.312017,91.14342,22.572939
397.05035,39402.047,104.171074,18.361383,102.43127,18.91268,81.61362,15.373331,101.29812,18.411716
397.55035,39451.668,135.26363,11.53204,135.22118,12.035284,110.65235,10.707776,133.45633,11.735028
398.05035,39501.285,140.92818,5.002209,140.4967,4.2718897,116.13385,3.870676,138.82944,4.2128506
398.55035,39550.902,133.8616,8.280088,133.1667,8.272472,107.768814,7.5479627,131.48071,8.09827
399.05035,39600.523,129.49883,12.793136,128.74734,12.952975,103.31454,10.990394,127.07087,12.6832285
399.55035,39650.14,137.79105,5.0612907,137.70973,4.8909163,111.909836,4.7105007,135.86427,4.734508
400.05035,39699.758,140.07542,7.605371,139.60176,7.7975693,113.85978,6.9547606,137.84389,7.5670724
400.55035,39749.38,138.20096,9.672182,137.75671,10.3750105,112.877235,9.107257,136.05486,10.028241
401.05035,39798.996,141.78638,5.2027164,141.27798,5.16445,116.040016,4.8209863,139.56389,4.974313
401.55035,39848.613,138.59564,5.873093,138.0102,6.0376782,113.35833,5.813478,136.3548,5.824397
402.05035,39898.234,141.1417,5.7464685,140.20967,5.987091,114.763855,5.6497273,138.57063,5.7639194
402.55035,39947.85,135.47609,10.509858,134.70302,10.940046,109.480896,9.421158,133.04634,10.628307
403.05035,39997.47,132.4872,12.802171,132.05518,13.438858,107.01377,11.42366,130.33904,13.056367
403.55035,40047.086,137.12816,7.0714955,136.75484,7.47996,110.25007,6.6293564,134.92056,7.2026978
404.05035,40096.707,136.90115,6.558077,135.9616,6.8921714,110.181435,7.017282,134.3,6.698559
404.55035,40146.324,115.80984,21.74788,114.80826,21.648499,92.62684,17.17046,113.41969,21.274687
405.05035,40195.94,130.83478,15.342122,130.41959,15.096645,104.100586,12.429189,128.60762,14.874045
405.55035,40245.562,118.58279,23.0919,116.58799,23.816668,92.89937,18.540413,115.301765,23.19844
406.05035,40295.18,115.9185,25.15395,114.34968,25.627598,91.207245,20.114552,113.01232,25.063147
406.55035,40344.797,109.739075,22.859713,108.055275,23.653427,86.758934,18.561224,106.875656,23.031002
407.05035,40394.418,118.0444,14.60078,117.125565,15.509428,93.65101,12.7343235,115.626045,15.005678
407.55035,40444.035,133.2164,6.5569086,133.0421,6.6592927,106.91412,6.138921,131.1927,6.4389358
408.05035,40493.652,135.80267,5.5900493,134.66168,5.374313,108.48628,4.9400434,133.0144,5.2247577
408.55035,40543.273,103.75819,23.089558,102.252,23.667694,83.613205,19.40055,101.226494,23.14644
409.05035,40592.89,105.388084,14.653404,104.80506,15.317615,83.79242,12.421476,103.4119,14.831508
409.55035,40642.508,136.52597,6.517699,136.90884,6.9164104,111.43731,6.5430603,134.98839,6.664965
410.05035,40692.13,141.88344,4.1533275,141.43378,4.3771687,115.730446,4.4964275,139.6736,4.1575184
410.55035,40741.746,133.39325,8.591645,132.88197,8.944172,107.453995,8.2156925,131.15477,8.700956
411.05035,40791.363,137.7043,5.398078,137.46918,5.1559825,112.113434,4.7056556,135.68849,4.996067
411.55035,40840.984,128.45065,8.617364,127.771416,9.106627,103.19035,7.9787126,126.141075,8.781363
412.05035,40890.6,130.51234,7.833343,130.6806,8.4208,106.134315,8.159521,128.87259,8.1370535
412.55035,40940.22,135.04994,4.93519,135.57977,4.8000436,110.811356,4.470164,133.67885,4.6009793
413.05035,40989.836,132.89244,7.074066,133.21492,6.935402,108.94742,6.5480633,131.39424,6.769003
413.55035,41039.457,132.20036,7.0481167,132.36488,6.6552844,108.50276,6.3827577,130.60707,6.5405664
414.05035,41089.074,131.84187,7.142581,132.215,6.6569843,108.32936,6.336449,130.41113,6.5547867
414.55035,41138.69,130.5917,8.711234,131.0918,8.620943,106.56033,7.6916876,129.21431,8.422897
415.05035,41188.312,124.84371,9.715832,125.49758,9.683017,101.20615,8.588567,123.60473,9.465677
415.55035,41237.93,122.483765,11.80059,122.52278,11.54806,98.749695,10.641416,120.798065,11.420266
416.05035,41287.547,115.758965,19.449812,115.66146,19.73546,93.3953,16.633173,114.07458,19.354961
416.55035,41337.168,117.14685,16.347372,117.383156,16.414312,94.73116,14.230288,115.69744,16.147343
417.05035,41386.785,122.02969,15.841787,123.14783,15.739456,100.57511,12.798182,121.280365,15.404818
417.55035,41436.402,128.38383,10.485026,128.94086,10.568051,104.91684,9.884348,127.0879,10.395169
418.05035,41486.023,122.27048,9.35903,123.05588,9.45943,99.25465,8.667215,121.17045,9.238351
418.55035,41535.64,125.42891,9.98149,126.202644,10.113084,102.54916,9.057558,124.33036,9.863804
419.05035,41585.26,130.47847,11.751215,130.81763,12.076273,105.75169,10.812285,128.93576,11.776101
419.55035,41634.88,132.6226,12.217112,132.79488,12.16401,108.88715,11.66706,131.03212,11.999525
420.05035,41684.5,128.95685,10.428882,129.7462,9.909197,107.65316,9.0318575,127.98325,9.798952
420.55035,41734.117,118.280846,11.264721,118.674576,11.422652,97.24148,10.511868,117.043396,11.170753
421.05035,41783.734,114.844635,11.220576,115.75042,11.327664,94.61667,10.638735,114.03199,11.079531
421.55035,41833.355,112.18635,13.640233,113.13215,13.880894,92.1137,12.511434,111.413536,13.589684
422.05035,41882.973,120.824104,10.685948,122.28061,10.476165,100.86801,9.272814,120.424965,10.273268
422.55035,41932.59,120.76013,8.78131,121.89175,8.303012,99.81617,7.2550187,120.05731,8.129714
423.05035,41982.207,119.18115,11.07511,120.415955,10.779769,98.5092,9.329226,118.57177,10.583481
423.55035,42031.83,122.297226,7.9719195,123.555916,7.392559,101.3898,6.834809,121.68793,7.2877645
424.05035,42081.445,123.857834,7.3484035,125.05105,6.9653563,102.657875,6.2380567,123.18058,6.786091
424.55035,42131.062,122.90593,7.8491597,123.91981,7.610298,101.49198,6.8967633,122.08497,7.408208
425.05035,42180.684,121.86892,10.015445,122.88742,10.13467,100.82567,8.831633,121.078026,9.858336
425.55035,42230.3,116.67611,10.54803,117.6153,10.5283985,95.64398,8.865885,115.8293,10.258824
426.05035,42279.918,117.17117,8.542536,118.00865,8.360965,95.604744,7.3993974,116.21304,8.132296
426.55035,42329.54,113.85974,14.027071,114.47361,14.486788,93.16214,12.273436,112.80441,14.093402
427.05035,42379.156,118.46667,9.219859,119.363304,9.056899,97.06949,8.155337,117.563065,8.823733
427.55035,42428.773,121.36642,8.608308,122.36741,8.233642,100.346016,7.284235,120.56466,8.022554
428.05035,42478.395,122.9811,8.876604,124.08951,8.491252,101.70246,7.585435,122.23752,8.327675
428.55035,42528.01,125.14827,7.1794777,126.43674,6.582896,103.75755,5.8863964,124.525375,6.4428387
429.05035,42577.63,122.22715,9.569715,122.921,8.983118,100.771935,8.328042,121.174324,8.888742
429.55035,42627.25,116.37801,11.6999855,117.08579,11.711646,94.81751,10.238356,115.327545,11.435297
430.05035,42676.867,116.33696,10.848905,117.53132,10.503277,95.85958,9.256668,115.7127,10.309597
430.55035,42726.484,119.065315,10.571074,120.44389,10.06811,99.653786,8.99748,118.649765,9.900837
431.05035,42776.1,117.7491,9.908307,118.705605,9.826353,96.95424,8.697976,116.93181,9.57615
431.55035,42825.723,123.610695,8.804135,124.830505,8.252133,103.49572,7.383214,123.0308,8.11863
432.05035,42875.34,125.99232,7.4324927,127.053665,6.699159,105.23612,6.0326295,125.2528,6.599308
432.55035,42924.957,122.64224,9.334223,123.815865,8.758922,102.02403,7.514774,121.99298,8.612467
433.05035,42974.58,123.61436,10.573387,124.62912,10.534023,102.66398,9.234289,122.8275,10.29368
433.55035,43024.195,122.14132,10.564197,122.89184,10.407092,101.5125,9.052667,121.1887,10.1735525
434.05035,43073.812,123.602715,10.158705,124.57307,9.785069,102.559944,8.877953,122.77742,9.610897
434.55035,43123.434,126.67545,8.319284,127.39942,7.9272814,105.61189,7.101234,125.67244,7.7580633
435.05035,43173.05,124.61309,8.020671,125.73821,7.574021,103.97034,6.6506796,123.92737,7.3991
435.55035,43222.668,122.71557,11.66651,123.50074,11.90133,101.70861,10.158387,121.76042,11.558239
436.05035,43272.29,120.66797,11.733024,121.47392,12.332934,100.08674,10.478025,119.75842,11.892199
436.55035,43321.906,119.0137,15.814431,119.89742,16.574423,99.14184,13.666456,118.21099,16.072742
437.05035,43371.523,125.30345,9.713017,126.51189,10.040465,104.87995,8.750997,124.69315,9.67083
437.55035,43421.145,125.36225,10.0214405,125.92417,10.315989,103.86472,9.121719,124.21201,9.985278
438.05035,43470.76,127.79166,10.385522,127.93024,10.956571,105.416565,9.579452,126.27529,10.572048
438.55035,43520.38,102.4053,11.45073,100.84877,12.126073,79.81224,10.809935,99.66085,11.748891
439.05035,,,,,,,,124.95010375976562,
